MemberID,Age,Gender,MembershipDuration,WorkoutFrequency,FavoriteClass,AverageWorkoutTime,PersonalTrainingSessions,MonthlySpend,Review
1,56,Male,1,3-4 times a week,Cycling,70,5,54.78,Excellent
2,69,Male,2,3-4 times a week,Cycling,71,7,61.41,Excellent
3,46,Male,8,3-4 times a week,Weightlifting,42,6,91.09,Good
4,32,Female,3,3-4 times a week,Kickboxing,76,1,79.98,Good
5,60,Male,10,2-3 times a week,Weightlifting,41,4,84.78,Average
6,25,Male,3,4-5 times a week,Strength Training,34,3,169.69,Average
7,38,Male,8,5-6 times a week,Boxing,66,8,134.47,Excellent
8,56,Female,8,3-4 times a week,Dance,60,9,50.87,Average
9,36,Female,2,5-6 times a week,Pilates,57,0,114.4,Good
10,40,Male,8,5-6 times a week,Boxing,57,5,111.18,Average
11,28,Male,11,4-5 times a week,Strength Training,59,2,67.09,Good
12,28,Male,1,2-3 times a week,Strength Training,47,8,151.42,Average
13,41,Male,6,5-6 times a week,Boxing,73,4,155.31,Poor
14,53,Female,8,3-4 times a week,Aerobics,56,5,158.13,Good
15,57,Female,3,3-4 times a week,Dance,64,8,159.27,Poor
16,41,Female,8,5-6 times a week,Pilates,55,8,50.01,Good
17,20,Female,12,2-3 times a week,Zumba,86,7,193.09,Average
18,39,Male,1,5-6 times a week,Cardio,68,8,172.13,Poor
19,19,Male,11,4-5 times a week,Strength Training,78,3,185.6,Average
20,41,Male,11,3-4 times a week,Cardio,80,5,52.35,Good
21,61,Female,9,2-3 times a week,Dance,89,4,190.08,Poor
22,47,Male,11,2-3 times a week,Weightlifting,47,4,171.47,Excellent
23,55,Female,9,3-4 times a week,Aerobics,62,3,175.58,Average
24,19,Female,5,4-5 times a week,Zumba,54,1,63.99,Good
25,38,Male,10,5-6 times a week,Cardio,85,5,160.82,Poor
26,50,Male,4,2-3 times a week,Cycling,60,8,193.99,Average
27,29,Male,11,4-5 times a week,CrossFit,66,0,151.78,Poor
28,39,Female,6,5-6 times a week,Pilates,88,6,135.58,Average
29,61,Male,12,3-4 times a week,Cycling,89,5,191.84,Average
30,42,Female,7,3-4 times a week,Pilates,31,2,116.44,Average
31,66,Male,5,2-3 times a week,Cycling,62,0,139.89,Poor
32,44,Female,11,3-4 times a week,Kickboxing,68,3,121.45,Poor
33,59,Female,10,3-4 times a week,Aerobics,72,8,189.93,Average
34,45,Male,9,3-4 times a week,Weightlifting,72,1,61.41,Excellent
35,33,Female,3,3-4 times a week,Kickboxing,61,2,125.17,Excellent
36,32,Female,7,5-6 times a week,Kickboxing,47,1,153.04,Excellent
37,64,Male,10,2-3 times a week,Weightlifting,46,1,168.79,Good
38,68,Female,10,3-4 times a week,Dance,63,9,137.45,Excellent
39,61,Male,11,3-4 times a week,Cycling,68,7,186.34,Poor
40,69,Female,5,3-4 times a week,Dance,36,2,191.3,Excellent
41,20,Male,7,4-5 times a week,CrossFit,71,6,59.65,Poor
42,54,Male,2,2-3 times a week,Cycling,83,7,110.36,Good
43,68,Female,4,2-3 times a week,Aerobics,82,2,53.52,Poor
44,24,Female,2,2-3 times a week,Yoga,64,1,99.41,Poor
45,38,Female,12,3-4 times a week,Kickboxing,59,7,130.53,Poor
46,26,Female,7,4-5 times a week,Zumba,41,2,186.62,Excellent
47,56,Female,2,3-4 times a week,Aerobics,64,6,176.98,Average
48,35,Male,11,3-4 times a week,Boxing,40,0,69.12,Poor
49,21,Female,1,4-5 times a week,Yoga,73,5,63.95,Excellent
50,42,Male,9,5-6 times a week,Boxing,86,8,138.39,Excellent
51,31,Male,1,3-4 times a week,Cardio,33,2,129.82,Excellent
52,67,Female,8,3-4 times a week,Aerobics,54,6,89.96,Average
53,26,Male,2,2-3 times a week,Strength Training,77,5,184.92,Average
54,43,Male,12,3-4 times a week,Boxing,61,7,189.1,Average
55,19,Male,8,4-5 times a week,Strength Training,49,2,110.39,Average
56,37,Male,3,3-4 times a week,Cardio,79,2,183.55,Good
57,45,Female,6,2-3 times a week,Dance,60,3,107.59,Average
58,64,Male,3,3-4 times a week,Cycling,33,2,160.52,Average
59,24,Female,7,2-3 times a week,Zumba,83,8,121.39,Average
60,61,Female,10,2-3 times a week,Aerobics,67,3,68.39,Poor
61,25,Male,9,2-3 times a week,CrossFit,82,5,189.19,Poor
62,64,Female,2,3-4 times a week,Aerobics,76,7,118.11,Average
63,52,Female,12,3-4 times a week,Aerobics,30,7,160.17,Good
64,31,Female,12,3-4 times a week,Pilates,32,4,105.08,Poor
65,34,Male,5,5-6 times a week,Cardio,66,4,52.83,Excellent
66,53,Female,6,3-4 times a week,Aerobics,51,5,65.08,Poor
67,67,Female,4,3-4 times a week,Dance,46,9,124.43,Excellent
68,57,Female,4,3-4 times a week,Dance,43,6,153.49,Poor
69,21,Male,4,2-3 times a week,CrossFit,70,9,100.21,Average
70,19,Female,2,4-5 times a week,Yoga,64,6,154.32,Poor
71,23,Male,4,2-3 times a week,Strength Training,87,3,154.8,Average
72,59,Male,11,2-3 times a week,Weightlifting,42,5,155.59,Average
73,21,Male,1,4-5 times a week,Strength Training,64,6,123.88,Poor
74,46,Male,12,3-4 times a week,Weightlifting,72,4,187.23,Excellent
75,35,Male,6,3-4 times a week,Cardio,31,4,123.38,Excellent
76,43,Male,1,3-4 times a week,Boxing,85,1,117.54,Poor
77,61,Female,10,2-3 times a week,Dance,76,6,79.91,Average
78,51,Male,6,3-4 times a week,Cycling,42,5,96.15,Excellent
79,27,Female,1,2-3 times a week,Yoga,80,0,56.35,Good
80,53,Female,6,2-3 times a week,Dance,83,3,145.03,Average
81,31,Male,10,3-4 times a week,Boxing,45,2,87.28,Poor
82,48,Female,8,2-3 times a week,Aerobics,47,2,95.62,Average
83,65,Female,11,3-4 times a week,Aerobics,36,6,165.62,Good
84,32,Female,2,5-6 times a week,Pilates,74,9,99.08,Good
85,25,Female,2,2-3 times a week,Zumba,65,3,86.33,Excellent
86,31,Male,12,5-6 times a week,Cardio,70,7,75.36,Good
87,40,Female,4,3-4 times a week,Kickboxing,59,8,166.23,Average
88,57,Male,11,3-4 times a week,Weightlifting,71,2,69.46,Excellent
89,38,Female,3,5-6 times a week,Kickboxing,70,4,118.06,Good
90,33,Female,4,5-6 times a week,Pilates,36,3,126.04,Excellent
91,62,Male,12,2-3 times a week,Cycling,44,9,153.11,Excellent
92,35,Female,7,5-6 times a week,Kickboxing,89,5,144.99,Poor
93,64,Female,11,3-4 times a week,Aerobics,69,9,171.61,Excellent
94,41,Female,1,3-4 times a week,Kickboxing,48,3,56.71,Excellent
95,43,Male,6,3-4 times a week,Boxing,72,7,94.47,Good
96,42,Female,3,3-4 times a week,Kickboxing,66,2,92.02,Average
97,62,Male,11,3-4 times a week,Cycling,31,4,71.9,Average
98,58,Female,10,2-3 times a week,Dance,71,0,93.38,Good
99,46,Male,7,2-3 times a week,Cycling,77,5,96.46,Average
100,32,Male,10,3-4 times a week,Cardio,84,4,128.28,Excellent
101,62,Female,2,2-3 times a week,Dance,42,7,149.56,Poor
102,18,Female,2,2-3 times a week,Zumba,69,8,107.17,Excellent
103,42,Male,4,3-4 times a week,Cardio,70,7,157.92,Excellent
104,24,Male,1,4-5 times a week,Strength Training,72,7,100.42,Poor
105,26,Female,3,4-5 times a week,Yoga,72,2,93.54,Good
106,41,Male,9,3-4 times a week,Cardio,84,3,131.18,Excellent
107,18,Female,7,2-3 times a week,Zumba,87,3,53.56,Excellent
108,61,Female,7,3-4 times a week,Aerobics,60,4,61.97,Good
109,25,Female,11,4-5 times a week,Yoga,45,8,112.7,Excellent
110,41,Female,4,5-6 times a week,Pilates,71,8,191.44,Excellent
111,28,Male,2,2-3 times a week,Strength Training,85,9,158.23,Average
112,68,Female,4,2-3 times a week,Dance,73,0,63.22,Good
113,34,Male,6,5-6 times a week,Boxing,86,7,176.95,Excellent
114,25,Female,11,4-5 times a week,Zumba,35,0,159.85,Excellent
115,52,Male,11,3-4 times a week,Cycling,57,1,141.64,Poor
116,52,Female,3,3-4 times a week,Aerobics,61,6,173.04,Poor
117,50,Male,1,3-4 times a week,Cycling,73,7,110.62,Poor
118,22,Male,12,2-3 times a week,Strength Training,39,0,83.23,Excellent
119,59,Female,8,2-3 times a week,Aerobics,79,2,126.8,Excellent
120,56,Female,12,2-3 times a week,Dance,47,6,132.33,Poor
121,58,Female,5,3-4 times a week,Dance,33,8,130.75,Average
122,45,Female,5,2-3 times a week,Aerobics,38,7,134.76,Average
123,24,Male,11,4-5 times a week,Strength Training,36,7,192.31,Average
124,26,Female,4,2-3 times a week,Yoga,79,8,185.34,Average
125,25,Male,6,2-3 times a week,CrossFit,37,9,181.36,Good
126,29,Male,3,2-3 times a week,CrossFit,72,2,170.21,Poor
127,51,Female,9,2-3 times a week,Dance,36,7,191.51,Excellent
128,50,Male,5,3-4 times a week,Weightlifting,70,0,64.77,Poor
129,65,Male,3,2-3 times a week,Weightlifting,69,7,89.77,Average
130,40,Male,11,5-6 times a week,Cardio,32,6,124.26,Excellent
131,41,Male,1,5-6 times a week,Cardio,46,7,176.98,Good
132,54,Female,10,2-3 times a week,Aerobics,31,0,125.77,Poor
133,52,Female,12,2-3 times a week,Aerobics,44,5,162.21,Excellent
134,61,Female,6,2-3 times a week,Dance,75,6,70.84,Excellent
135,57,Female,2,2-3 times a week,Dance,58,4,87.86,Average
136,39,Male,3,3-4 times a week,Boxing,79,4,159.77,Average
137,44,Male,1,3-4 times a week,Boxing,77,6,74.71,Poor
138,52,Female,9,2-3 times a week,Dance,81,2,102.7,Good
139,18,Female,8,4-5 times a week,Yoga,51,5,89.73,Excellent
140,52,Female,12,2-3 times a week,Dance,33,6,102.48,Average
141,54,Male,2,2-3 times a week,Weightlifting,86,0,156.25,Poor
142,64,Female,12,3-4 times a week,Dance,81,1,105.18,Average
143,31,Female,11,3-4 times a week,Kickboxing,35,3,133.29,Poor
144,20,Female,8,4-5 times a week,Zumba,67,7,64.99,Average
145,18,Male,12,2-3 times a week,CrossFit,55,9,170.75,Good
146,22,Male,9,4-5 times a week,Strength Training,40,5,105.48,Excellent
147,43,Male,1,5-6 times a week,Boxing,55,0,147.28,Average
148,31,Male,5,5-6 times a week,Cardio,46,9,158.81,Excellent
149,56,Male,8,3-4 times a week,Cycling,53,4,81.45,Poor
150,44,Male,11,5-6 times a week,Boxing,57,6,182.7,Good
151,26,Male,2,4-5 times a week,Strength Training,64,5,142.43,Excellent
152,32,Male,4,3-4 times a week,Cardio,60,8,114.31,Average
153,32,Female,7,5-6 times a week,Kickboxing,42,7,77.35,Excellent
154,43,Female,3,5-6 times a week,Kickboxing,83,3,191.35,Excellent
155,59,Male,12,3-4 times a week,Cycling,64,4,163.26,Poor
156,30,Male,5,5-6 times a week,Boxing,45,6,81.2,Good
157,68,Female,8,2-3 times a week,Aerobics,44,7,100.66,Good
158,49,Male,12,2-3 times a week,Weightlifting,72,4,171.45,Excellent
159,56,Male,10,2-3 times a week,Weightlifting,47,8,154.35,Excellent
160,66,Male,3,2-3 times a week,Cycling,76,9,164.87,Poor
161,69,Female,4,2-3 times a week,Dance,66,3,116.18,Excellent
162,49,Female,9,3-4 times a week,Aerobics,77,3,157.47,Poor
163,21,Female,7,2-3 times a week,Yoga,77,7,107.97,Good
164,47,Female,1,2-3 times a week,Dance,78,0,81.69,Good
165,54,Female,12,3-4 times a week,Dance,70,7,144.9,Poor
166,40,Male,4,5-6 times a week,Boxing,56,4,196.4,Excellent
167,56,Female,4,3-4 times a week,Aerobics,84,0,96.59,Good
168,62,Male,9,3-4 times a week,Cycling,64,3,119.15,Average
169,32,Male,6,3-4 times a week,Boxing,81,1,151.1,Poor
170,60,Female,9,2-3 times a week,Dance,74,3,131.23,Good
171,46,Female,12,2-3 times a week,Dance,83,7,176.51,Good
172,53,Male,6,2-3 times a week,Weightlifting,64,4,164.26,Good
173,30,Male,6,5-6 times a week,Boxing,57,0,58.74,Average
174,49,Male,5,3-4 times a week,Weightlifting,68,6,199.76,Average
175,24,Female,5,2-3 times a week,Zumba,67,0,162.86,Average
176,68,Female,2,3-4 times a week,Aerobics,38,8,179.59,Excellent
177,39,Female,8,5-6 times a week,Kickboxing,41,2,147.68,Poor
178,45,Female,8,3-4 times a week,Aerobics,44,2,178.44,Excellent
179,19,Female,11,4-5 times a week,Yoga,50,5,66.86,Average
180,59,Male,1,3-4 times a week,Weightlifting,81,9,102.16,Poor
181,62,Female,8,2-3 times a week,Dance,64,5,181.46,Excellent
182,23,Male,5,4-5 times a week,CrossFit,71,5,80.25,Excellent
183,45,Male,2,2-3 times a week,Weightlifting,62,0,61.74,Excellent
184,45,Male,2,2-3 times a week,Cycling,80,4,168.22,Average
185,61,Female,6,2-3 times a week,Dance,48,5,175.32,Good
186,61,Female,11,3-4 times a week,Aerobics,84,7,74.4,Poor
187,37,Female,9,5-6 times a week,Kickboxing,52,0,178.15,Average
188,47,Male,1,3-4 times a week,Weightlifting,42,4,153.02,Poor
189,28,Male,12,2-3 times a week,CrossFit,73,2,128.01,Average
190,45,Male,6,2-3 times a week,Cycling,30,1,174.54,Excellent
191,42,Male,9,5-6 times a week,Boxing,80,7,112.89,Excellent
192,56,Male,8,3-4 times a week,Cycling,58,6,79.1,Good
193,50,Male,11,3-4 times a week,Cycling,53,9,92.73,Good
194,18,Female,6,4-5 times a week,Yoga,45,6,125.77,Poor
195,44,Female,3,5-6 times a week,Kickboxing,54,4,129.7,Good
196,69,Female,8,3-4 times a week,Aerobics,84,8,170.84,Good
197,30,Female,9,5-6 times a week,Pilates,52,4,168.7,Poor
198,58,Male,1,3-4 times a week,Weightlifting,57,1,137.2,Average
199,20,Male,12,4-5 times a week,Strength Training,76,2,167.12,Good
200,56,Female,9,3-4 times a week,Dance,45,3,78.77,Average
201,23,Male,6,4-5 times a week,CrossFit,72,4,57.51,Excellent
202,25,Female,6,2-3 times a week,Zumba,85,2,181.05,Good
203,44,Female,12,3-4 times a week,Kickboxing,67,6,61.33,Excellent
204,26,Female,4,2-3 times a week,Zumba,40,4,87.0,Excellent
205,54,Male,1,3-4 times a week,Weightlifting,32,4,154.3,Average
206,50,Female,10,3-4 times a week,Aerobics,44,5,111.42,Poor
207,68,Female,8,2-3 times a week,Dance,30,6,181.45,Good
208,59,Female,2,2-3 times a week,Aerobics,36,9,94.7,Average
209,61,Male,12,3-4 times a week,Weightlifting,30,9,51.78,Poor
210,41,Male,1,5-6 times a week,Boxing,78,7,95.1,Excellent
211,32,Female,2,3-4 times a week,Kickboxing,61,8,136.71,Good
212,49,Male,1,3-4 times a week,Cycling,38,3,106.39,Excellent
213,49,Male,1,3-4 times a week,Weightlifting,58,4,130.23,Excellent
214,41,Male,9,3-4 times a week,Cardio,55,4,181.49,Good
215,58,Male,1,3-4 times a week,Cycling,52,7,186.87,Poor
216,69,Male,4,3-4 times a week,Cycling,74,8,89.9,Poor
217,66,Male,10,2-3 times a week,Weightlifting,72,6,119.32,Good
218,66,Male,6,2-3 times a week,Cycling,58,4,132.37,Good
219,69,Male,7,2-3 times a week,Weightlifting,81,2,192.37,Average
220,29,Male,2,2-3 times a week,CrossFit,67,0,199.79,Average
221,56,Male,6,2-3 times a week,Weightlifting,62,8,85.31,Excellent
222,19,Female,7,4-5 times a week,Yoga,36,4,159.05,Good
223,20,Female,10,4-5 times a week,Zumba,41,8,106.7,Poor
224,66,Male,10,3-4 times a week,Weightlifting,60,9,51.22,Excellent
225,54,Female,2,2-3 times a week,Aerobics,61,3,51.39,Excellent
226,66,Female,2,3-4 times a week,Dance,83,4,119.08,Excellent
227,34,Male,10,3-4 times a week,Cardio,49,3,123.25,Excellent
228,66,Male,7,2-3 times a week,Cycling,84,1,53.39,Poor
229,19,Male,12,4-5 times a week,CrossFit,80,0,153.04,Excellent
230,19,Female,1,4-5 times a week,Yoga,46,7,94.1,Good
231,45,Female,8,3-4 times a week,Aerobics,65,3,133.98,Average
232,40,Male,11,3-4 times a week,Cardio,32,4,95.14,Poor
233,54,Male,3,3-4 times a week,Cycling,30,5,75.07,Good
234,49,Male,11,3-4 times a week,Cycling,79,7,111.08,Good
235,50,Female,6,3-4 times a week,Dance,56,7,84.84,Good
236,18,Female,9,2-3 times a week,Zumba,82,6,130.22,Average
237,36,Female,6,5-6 times a week,Kickboxing,76,3,79.82,Average
238,19,Female,9,2-3 times a week,Zumba,69,5,126.26,Average
239,61,Male,7,3-4 times a week,Cycling,62,3,73.61,Good
240,43,Male,9,5-6 times a week,Cardio,49,6,150.65,Average
241,49,Male,2,3-4 times a week,Weightlifting,43,0,163.09,Excellent
242,23,Male,12,4-5 times a week,Strength Training,65,4,66.56,Average
243,49,Female,8,3-4 times a week,Aerobics,34,9,120.17,Poor
244,21,Female,8,2-3 times a week,Zumba,52,9,60.63,Good
245,28,Male,2,2-3 times a week,Strength Training,74,3,139.73,Good
246,34,Male,12,5-6 times a week,Cardio,89,6,89.66,Excellent
247,55,Female,4,3-4 times a week,Dance,85,8,129.14,Average
248,41,Male,11,3-4 times a week,Boxing,44,4,127.62,Average
249,22,Female,7,2-3 times a week,Zumba,35,3,188.65,Poor
250,69,Male,11,3-4 times a week,Cycling,62,8,132.36,Excellent
251,51,Male,4,2-3 times a week,Cycling,84,4,137.45,Poor
252,23,Male,4,2-3 times a week,Strength Training,48,8,110.25,Poor
253,39,Male,6,5-6 times a week,Cardio,42,7,192.36,Good
254,28,Male,10,2-3 times a week,CrossFit,58,3,166.58,Good
255,65,Male,6,2-3 times a week,Cycling,35,6,92.81,Average
256,33,Male,10,5-6 times a week,Boxing,44,4,176.63,Average
257,50,Female,3,3-4 times a week,Dance,45,9,114.86,Poor
258,26,Female,9,4-5 times a week,Yoga,53,3,174.3,Average
259,23,Female,12,4-5 times a week,Yoga,52,4,173.43,Poor
260,33,Female,10,3-4 times a week,Kickboxing,77,4,78.33,Average
261,46,Female,11,3-4 times a week,Aerobics,39,8,155.17,Average
262,20,Male,2,4-5 times a week,Strength Training,83,8,93.6,Good
263,37,Male,6,3-4 times a week,Boxing,70,5,94.62,Good
264,53,Female,12,3-4 times a week,Aerobics,70,3,94.45,Good
265,36,Male,7,5-6 times a week,Cardio,78,1,158.84,Good
266,43,Female,12,3-4 times a week,Kickboxing,46,2,84.47,Excellent
267,20,Female,9,4-5 times a week,Zumba,78,1,50.14,Good
268,36,Male,3,5-6 times a week,Cardio,85,4,157.29,Excellent
269,37,Male,10,3-4 times a week,Cardio,73,5,75.68,Good
270,49,Male,3,2-3 times a week,Cycling,74,4,65.67,Average
271,24,Female,7,4-5 times a week,Zumba,59,1,85.63,Poor
272,69,Male,4,3-4 times a week,Cycling,73,4,106.99,Average
273,58,Female,8,2-3 times a week,Aerobics,75,8,121.39,Average
274,50,Female,7,2-3 times a week,Dance,39,3,56.69,Excellent
275,57,Female,5,2-3 times a week,Aerobics,84,9,195.59,Good
276,56,Male,7,2-3 times a week,Weightlifting,48,1,157.41,Poor
277,35,Male,3,3-4 times a week,Boxing,58,2,98.48,Poor
278,57,Female,12,3-4 times a week,Dance,31,2,97.8,Good
279,18,Male,2,2-3 times a week,Strength Training,65,8,117.28,Excellent
280,28,Male,6,4-5 times a week,Strength Training,48,3,143.94,Excellent
281,45,Male,2,2-3 times a week,Weightlifting,36,0,71.96,Excellent
282,42,Female,3,3-4 times a week,Kickboxing,55,0,78.34,Poor
283,67,Female,6,2-3 times a week,Aerobics,44,6,178.92,Excellent
284,40,Male,5,3-4 times a week,Cardio,76,6,88.44,Excellent
285,48,Female,8,2-3 times a week,Dance,85,1,107.03,Poor
286,47,Male,9,2-3 times a week,Weightlifting,67,8,180.69,Poor
287,59,Male,11,2-3 times a week,Weightlifting,32,8,149.47,Average
288,52,Male,3,2-3 times a week,Cycling,67,4,101.26,Poor
289,24,Male,12,4-5 times a week,Strength Training,45,2,152.55,Good
290,33,Female,10,5-6 times a week,Kickboxing,31,2,52.95,Poor
291,43,Female,3,5-6 times a week,Kickboxing,60,2,160.35,Poor
292,65,Female,3,2-3 times a week,Dance,57,5,123.05,Excellent
293,69,Male,6,3-4 times a week,Weightlifting,36,3,171.98,Average
294,66,Male,1,3-4 times a week,Weightlifting,59,7,193.2,Excellent
295,19,Male,7,2-3 times a week,Strength Training,72,4,188.87,Average
296,18,Female,12,2-3 times a week,Zumba,87,0,186.39,Excellent
297,65,Male,1,2-3 times a week,Cycling,36,8,126.83,Good
298,29,Female,5,2-3 times a week,Zumba,65,0,104.02,Excellent
299,22,Female,10,4-5 times a week,Yoga,58,5,119.76,Excellent
300,54,Female,8,2-3 times a week,Dance,53,0,153.48,Good
301,49,Female,4,2-3 times a week,Aerobics,81,2,182.6,Good
302,26,Female,5,4-5 times a week,Yoga,68,9,81.05,Poor
303,58,Female,4,2-3 times a week,Dance,33,4,187.73,Excellent
304,52,Male,12,2-3 times a week,Weightlifting,58,9,172.28,Good
305,36,Male,12,3-4 times a week,Cardio,73,6,196.83,Good
306,65,Female,4,3-4 times a week,Aerobics,34,9,182.04,Poor
307,33,Female,12,3-4 times a week,Pilates,84,7,91.99,Average
308,20,Male,8,4-5 times a week,Strength Training,58,8,65.89,Good
309,37,Female,2,3-4 times a week,Pilates,59,5,66.84,Good
310,41,Female,1,3-4 times a week,Pilates,58,8,93.68,Excellent
311,50,Male,3,3-4 times a week,Weightlifting,55,7,142.13,Poor
312,41,Female,9,3-4 times a week,Pilates,48,8,170.65,Excellent
313,69,Female,4,2-3 times a week,Aerobics,55,9,184.89,Average
314,28,Female,10,4-5 times a week,Zumba,66,3,143.56,Poor
315,66,Male,5,2-3 times a week,Weightlifting,56,8,50.84,Excellent
316,25,Male,2,2-3 times a week,CrossFit,59,6,77.95,Good
317,53,Male,4,2-3 times a week,Weightlifting,80,4,64.96,Good
318,55,Female,2,3-4 times a week,Dance,82,4,104.5,Poor
319,57,Female,2,2-3 times a week,Dance,59,0,125.2,Good
320,37,Male,4,5-6 times a week,Cardio,32,1,56.51,Excellent
321,52,Female,6,3-4 times a week,Aerobics,88,9,102.27,Poor
322,65,Female,7,3-4 times a week,Aerobics,87,2,76.88,Good
323,42,Female,10,5-6 times a week,Kickboxing,72,7,147.06,Good
324,52,Female,3,3-4 times a week,Dance,36,5,119.64,Average
325,42,Female,3,3-4 times a week,Kickboxing,78,9,124.3,Average
326,46,Male,10,2-3 times a week,Cycling,86,4,114.15,Poor
327,35,Female,6,5-6 times a week,Kickboxing,38,0,193.4,Average
328,63,Male,12,2-3 times a week,Weightlifting,82,8,82.21,Excellent
329,35,Female,3,5-6 times a week,Kickboxing,70,2,127.5,Good
330,19,Male,2,4-5 times a week,CrossFit,71,2,160.4,Good
331,52,Female,8,3-4 times a week,Aerobics,42,1,133.53,Good
332,33,Male,5,3-4 times a week,Boxing,44,3,189.35,Poor
333,58,Female,1,2-3 times a week,Dance,83,1,106.7,Poor
334,53,Male,3,3-4 times a week,Weightlifting,34,8,119.55,Average
335,50,Female,10,2-3 times a week,Aerobics,58,9,63.28,Good
336,21,Male,8,2-3 times a week,CrossFit,64,6,141.35,Good
337,50,Female,4,3-4 times a week,Aerobics,56,7,93.23,Good
338,31,Male,7,5-6 times a week,Boxing,56,2,74.05,Good
339,38,Male,10,3-4 times a week,Boxing,37,5,131.68,Good
340,65,Female,12,2-3 times a week,Aerobics,61,9,129.85,Excellent
341,37,Female,2,3-4 times a week,Kickboxing,49,5,61.38,Good
342,25,Male,7,4-5 times a week,Strength Training,39,0,154.73,Excellent
343,24,Female,5,2-3 times a week,Yoga,42,5,143.57,Good
344,20,Male,5,2-3 times a week,CrossFit,58,2,78.35,Poor
345,34,Male,6,5-6 times a week,Cardio,64,2,120.42,Poor
346,50,Male,9,3-4 times a week,Cycling,83,2,158.05,Excellent
347,65,Female,6,2-3 times a week,Aerobics,37,9,129.42,Good
348,29,Male,12,2-3 times a week,CrossFit,58,9,109.32,Poor
349,68,Male,8,2-3 times a week,Weightlifting,60,7,98.35,Poor
350,39,Female,7,5-6 times a week,Pilates,70,4,141.56,Good
351,39,Female,9,3-4 times a week,Kickboxing,59,3,190.87,Good
352,63,Female,4,2-3 times a week,Aerobics,51,8,150.76,Poor
353,47,Female,2,2-3 times a week,Aerobics,50,8,61.21,Good
354,55,Male,7,3-4 times a week,Cycling,41,0,119.1,Average
355,55,Male,6,3-4 times a week,Weightlifting,40,1,183.62,Good
356,62,Male,1,2-3 times a week,Weightlifting,31,7,64.17,Poor
357,68,Male,11,3-4 times a week,Cycling,79,4,198.33,Poor
358,25,Female,9,2-3 times a week,Yoga,70,6,192.36,Excellent
359,44,Male,9,5-6 times a week,Cardio,31,0,61.74,Average
360,44,Male,12,5-6 times a week,Cardio,63,9,190.01,Poor
361,51,Female,2,2-3 times a week,Dance,32,4,104.47,Average
362,38,Male,3,3-4 times a week,Boxing,45,2,176.71,Good
363,47,Male,5,3-4 times a week,Cycling,80,9,112.76,Poor
364,50,Male,5,3-4 times a week,Weightlifting,33,1,116.13,Excellent
365,45,Male,1,2-3 times a week,Cycling,52,1,145.14,Poor
366,64,Male,8,3-4 times a week,Weightlifting,86,8,166.17,Excellent
367,50,Male,12,2-3 times a week,Weightlifting,79,3,55.07,Average
368,22,Female,8,4-5 times a week,Yoga,49,3,138.97,Excellent
369,65,Female,4,3-4 times a week,Aerobics,54,6,78.01,Good
370,36,Male,7,3-4 times a week,Cardio,59,9,101.89,Good
371,21,Male,11,4-5 times a week,Strength Training,47,9,102.2,Good
372,52,Female,10,2-3 times a week,Dance,71,1,120.36,Poor
373,66,Male,3,2-3 times a week,Cycling,40,2,100.12,Good
374,34,Male,6,5-6 times a week,Cardio,58,2,66.1,Good
375,61,Male,10,3-4 times a week,Cycling,46,5,71.84,Poor
376,45,Female,10,2-3 times a week,Aerobics,55,2,55.02,Average
377,47,Male,12,3-4 times a week,Cycling,85,4,120.54,Good
378,46,Female,9,2-3 times a week,Aerobics,86,3,193.17,Good
379,63,Male,1,3-4 times a week,Weightlifting,52,2,67.35,Poor
380,23,Female,5,4-5 times a week,Zumba,85,7,191.94,Average
381,52,Female,4,2-3 times a week,Aerobics,81,9,160.0,Average
382,58,Male,8,2-3 times a week,Weightlifting,77,2,145.62,Average
383,54,Female,11,2-3 times a week,Dance,49,5,146.79,Poor
384,41,Male,12,5-6 times a week,Cardio,74,6,174.01,Excellent
385,46,Female,1,3-4 times a week,Dance,31,6,66.04,Excellent
386,66,Male,9,2-3 times a week,Cycling,53,1,125.71,Good
387,63,Male,6,2-3 times a week,Cycling,60,2,154.56,Good
388,48,Female,4,2-3 times a week,Aerobics,56,9,138.02,Good
389,52,Male,12,2-3 times a week,Weightlifting,31,9,174.92,Excellent
390,50,Male,9,2-3 times a week,Cycling,86,3,60.84,Poor
391,69,Female,11,2-3 times a week,Aerobics,43,6,153.61,Good
392,38,Male,5,5-6 times a week,Boxing,33,1,130.1,Poor
393,49,Male,5,3-4 times a week,Weightlifting,78,2,106.87,Good
394,40,Female,12,3-4 times a week,Kickboxing,42,6,101.04,Poor
395,50,Female,5,2-3 times a week,Dance,65,6,143.12,Poor
396,20,Male,1,4-5 times a week,Strength Training,64,9,183.65,Excellent
397,35,Male,1,3-4 times a week,Cardio,73,2,124.43,Poor
398,42,Female,8,5-6 times a week,Pilates,83,0,173.71,Average
399,59,Female,12,2-3 times a week,Dance,84,2,110.32,Excellent
400,48,Male,8,2-3 times a week,Weightlifting,37,4,65.36,Good
401,20,Female,12,4-5 times a week,Yoga,31,6,59.23,Excellent
402,57,Male,6,2-3 times a week,Weightlifting,35,3,57.7,Average
403,63,Male,12,3-4 times a week,Weightlifting,60,0,107.02,Average
404,41,Male,11,3-4 times a week,Boxing,83,5,100.59,Poor
405,67,Male,4,3-4 times a week,Weightlifting,39,1,157.69,Average
406,49,Male,2,2-3 times a week,Cycling,73,2,161.42,Average
407,64,Female,2,2-3 times a week,Dance,50,3,57.63,Average
408,39,Female,9,3-4 times a week,Kickboxing,71,5,83.17,Average
409,40,Female,5,3-4 times a week,Kickboxing,39,5,91.14,Good
410,19,Female,4,2-3 times a week,Zumba,52,6,132.14,Good
411,44,Male,10,5-6 times a week,Cardio,32,4,71.68,Excellent
412,59,Male,1,3-4 times a week,Weightlifting,61,6,70.09,Poor
413,19,Male,7,4-5 times a week,Strength Training,49,1,191.57,Good
414,43,Male,3,5-6 times a week,Cardio,39,0,170.63,Average
415,34,Female,6,5-6 times a week,Kickboxing,58,9,77.1,Poor
416,57,Male,5,3-4 times a week,Weightlifting,70,7,110.99,Good
417,50,Male,5,3-4 times a week,Weightlifting,81,0,103.34,Excellent
418,26,Female,11,2-3 times a week,Yoga,80,1,168.65,Average
419,60,Female,5,2-3 times a week,Aerobics,75,9,126.53,Poor
420,65,Female,1,2-3 times a week,Aerobics,63,5,69.18,Good
421,56,Female,1,3-4 times a week,Aerobics,66,0,160.85,Poor
422,46,Male,3,3-4 times a week,Cycling,49,9,109.53,Good
423,59,Male,12,2-3 times a week,Cycling,37,2,89.44,Excellent
424,43,Female,10,3-4 times a week,Pilates,36,6,106.32,Average
425,52,Male,4,3-4 times a week,Weightlifting,35,7,124.66,Excellent
426,67,Male,5,3-4 times a week,Weightlifting,40,3,101.47,Average
427,42,Male,2,3-4 times a week,Boxing,73,2,86.29,Average
428,41,Female,8,3-4 times a week,Kickboxing,47,0,109.78,Poor
429,30,Male,11,3-4 times a week,Boxing,80,8,52.88,Good
430,24,Female,11,4-5 times a week,Zumba,71,9,165.87,Excellent
431,53,Male,2,3-4 times a week,Cycling,86,5,75.64,Excellent
432,62,Male,9,2-3 times a week,Weightlifting,58,5,56.59,Excellent
433,37,Male,2,5-6 times a week,Boxing,54,8,148.05,Poor
434,18,Female,9,4-5 times a week,Yoga,50,0,166.09,Poor
435,25,Male,7,4-5 times a week,CrossFit,75,5,172.07,Poor
436,63,Female,8,2-3 times a week,Dance,32,4,124.03,Average
437,33,Female,11,5-6 times a week,Pilates,47,5,80.81,Excellent
438,31,Female,2,3-4 times a week,Kickboxing,53,7,160.58,Average
439,29,Male,7,2-3 times a week,Strength Training,76,4,154.96,Excellent
440,68,Male,12,3-4 times a week,Cycling,67,1,86.94,Excellent
441,40,Male,6,3-4 times a week,Cardio,39,1,185.51,Good
442,32,Male,4,5-6 times a week,Cardio,56,9,65.66,Excellent
443,45,Female,7,3-4 times a week,Dance,41,4,197.4,Poor
444,51,Female,4,2-3 times a week,Dance,36,2,179.04,Poor
445,19,Female,2,4-5 times a week,Yoga,46,9,153.18,Poor
446,49,Male,10,3-4 times a week,Weightlifting,30,2,190.81,Good
447,40,Female,12,3-4 times a week,Pilates,87,7,158.35,Good
448,39,Male,7,3-4 times a week,Boxing,79,6,78.57,Average
449,68,Female,8,3-4 times a week,Aerobics,55,0,116.32,Excellent
450,42,Male,2,3-4 times a week,Boxing,44,4,60.73,Excellent
451,39,Male,5,3-4 times a week,Cardio,80,8,108.45,Poor
452,39,Female,1,3-4 times a week,Pilates,89,3,161.24,Poor
453,66,Female,7,2-3 times a week,Aerobics,62,0,107.97,Poor
454,69,Female,8,3-4 times a week,Dance,66,7,99.54,Poor
455,59,Female,6,2-3 times a week,Aerobics,76,4,139.3,Poor
456,23,Male,5,2-3 times a week,Strength Training,60,1,180.83,Poor
457,32,Female,6,5-6 times a week,Kickboxing,64,0,57.14,Excellent
458,60,Female,2,3-4 times a week,Aerobics,30,2,107.82,Good
459,54,Female,1,3-4 times a week,Aerobics,37,8,73.74,Poor
460,50,Male,7,3-4 times a week,Cycling,41,0,154.3,Excellent
461,25,Male,7,2-3 times a week,CrossFit,88,3,65.86,Poor
462,61,Female,10,3-4 times a week,Dance,83,7,149.72,Average
463,61,Male,11,3-4 times a week,Weightlifting,86,7,92.93,Average
464,22,Female,10,2-3 times a week,Yoga,48,9,79.84,Excellent
465,56,Male,2,3-4 times a week,Cycling,54,7,190.45,Good
466,21,Male,2,4-5 times a week,CrossFit,86,9,52.78,Average
467,23,Male,1,2-3 times a week,CrossFit,61,7,115.67,Average
468,62,Male,10,3-4 times a week,Cycling,41,3,53.24,Good
469,49,Female,8,3-4 times a week,Aerobics,42,7,122.54,Average
470,69,Female,8,3-4 times a week,Dance,57,8,125.16,Poor
471,47,Female,1,3-4 times a week,Dance,30,6,98.25,Good
472,64,Male,12,2-3 times a week,Cycling,80,1,69.82,Average
473,52,Female,11,3-4 times a week,Dance,35,8,106.46,Good
474,57,Female,8,2-3 times a week,Aerobics,37,7,150.84,Poor
475,69,Female,9,2-3 times a week,Aerobics,33,4,167.36,Average
476,33,Male,4,5-6 times a week,Boxing,34,2,129.61,Excellent
477,30,Male,1,3-4 times a week,Boxing,54,6,138.48,Average
478,67,Male,1,2-3 times a week,Weightlifting,51,1,80.09,Average
479,59,Female,3,3-4 times a week,Dance,57,2,93.1,Poor
480,47,Female,5,2-3 times a week,Aerobics,68,8,74.28,Excellent
481,36,Female,5,3-4 times a week,Pilates,52,3,87.39,Excellent
482,34,Male,9,5-6 times a week,Cardio,33,3,83.73,Excellent
483,36,Male,10,5-6 times a week,Boxing,81,2,127.92,Poor
484,45,Female,12,3-4 times a week,Aerobics,33,4,134.4,Poor
485,43,Male,2,3-4 times a week,Boxing,76,2,191.74,Poor
486,54,Male,2,3-4 times a week,Weightlifting,88,8,79.34,Poor
487,43,Male,6,5-6 times a week,Cardio,50,2,146.25,Poor
488,40,Male,9,5-6 times a week,Cardio,66,1,172.59,Excellent
489,26,Female,1,4-5 times a week,Zumba,85,4,134.04,Good
490,29,Male,9,2-3 times a week,CrossFit,70,5,88.25,Poor
491,18,Male,9,4-5 times a week,CrossFit,31,0,89.38,Good
492,18,Male,9,2-3 times a week,CrossFit,88,5,55.89,Average
493,64,Male,5,3-4 times a week,Weightlifting,36,9,95.82,Average
494,51,Female,9,2-3 times a week,Dance,78,2,161.69,Poor
495,49,Female,11,2-3 times a week,Aerobics,45,3,57.13,Average
496,65,Male,4,2-3 times a week,Weightlifting,46,5,82.89,Good
497,42,Male,2,5-6 times a week,Cardio,49,7,155.93,Average
498,57,Male,6,2-3 times a week,Weightlifting,87,8,167.4,Average
499,62,Male,4,2-3 times a week,Weightlifting,52,5,118.3,Good
500,18,Male,6,4-5 times a week,CrossFit,63,6,154.71,Average
501,33,Male,3,5-6 times a week,Boxing,40,4,108.19,Poor
502,56,Female,6,2-3 times a week,Dance,63,8,73.99,Good
503,22,Male,2,4-5 times a week,Strength Training,62,3,109.72,Good
504,39,Female,2,5-6 times a week,Pilates,55,9,137.0,Excellent
505,46,Female,9,2-3 times a week,Aerobics,31,5,192.21,Excellent
506,20,Male,7,2-3 times a week,Strength Training,52,4,60.31,Good
507,29,Female,3,2-3 times a week,Zumba,70,0,126.11,Good
508,43,Female,11,5-6 times a week,Pilates,51,4,99.34,Excellent
509,33,Female,1,5-6 times a week,Pilates,87,4,126.25,Poor
510,68,Female,8,2-3 times a week,Aerobics,63,8,53.6,Average
511,54,Female,6,3-4 times a week,Aerobics,89,0,96.95,Average
512,39,Female,7,3-4 times a week,Kickboxing,44,4,172.98,Average
513,46,Male,9,2-3 times a week,Weightlifting,39,6,133.09,Good
514,31,Female,5,3-4 times a week,Kickboxing,44,5,117.59,Poor
515,45,Female,1,3-4 times a week,Dance,71,5,92.83,Excellent
516,22,Female,12,4-5 times a week,Zumba,58,6,94.71,Poor
517,64,Male,10,2-3 times a week,Cycling,86,5,107.47,Poor
518,66,Female,7,2-3 times a week,Dance,52,4,175.34,Average
519,47,Male,5,3-4 times a week,Cycling,88,9,195.08,Excellent
520,63,Female,3,2-3 times a week,Aerobics,46,4,115.8,Poor
521,69,Male,12,3-4 times a week,Cycling,89,8,109.0,Excellent
522,22,Male,9,2-3 times a week,Strength Training,38,7,176.98,Good
523,29,Female,1,4-5 times a week,Zumba,79,9,114.04,Average
524,33,Female,1,5-6 times a week,Kickboxing,65,3,132.8,Excellent
525,43,Male,1,3-4 times a week,Cardio,38,3,84.64,Good
526,43,Female,3,5-6 times a week,Kickboxing,45,9,161.53,Good
527,65,Male,12,3-4 times a week,Weightlifting,65,4,129.8,Good
528,38,Male,6,3-4 times a week,Boxing,77,2,171.36,Poor
529,56,Male,10,3-4 times a week,Weightlifting,80,7,167.11,Poor
530,53,Male,11,2-3 times a week,Cycling,62,6,82.25,Average
531,50,Male,3,3-4 times a week,Cycling,84,4,157.35,Average
532,47,Female,8,2-3 times a week,Aerobics,60,9,170.01,Good
533,54,Male,10,2-3 times a week,Weightlifting,35,2,101.92,Average
534,40,Male,2,3-4 times a week,Boxing,39,4,75.89,Poor
535,27,Female,9,4-5 times a week,Yoga,45,2,50.39,Average
536,22,Male,3,4-5 times a week,CrossFit,33,9,117.64,Excellent
537,53,Female,5,3-4 times a week,Aerobics,83,4,102.86,Poor
538,51,Female,10,2-3 times a week,Dance,51,0,133.24,Good
539,69,Female,8,3-4 times a week,Dance,42,5,78.21,Good
540,48,Male,2,2-3 times a week,Weightlifting,45,9,178.95,Average
541,27,Male,6,4-5 times a week,CrossFit,81,3,88.66,Poor
542,36,Male,12,3-4 times a week,Cardio,58,3,83.96,Good
543,49,Female,5,3-4 times a week,Dance,35,7,122.11,Good
544,18,Male,10,2-3 times a week,CrossFit,55,1,124.83,Poor
545,22,Female,9,2-3 times a week,Yoga,40,3,82.26,Poor
546,62,Male,12,3-4 times a week,Weightlifting,53,1,90.78,Good
547,21,Female,5,2-3 times a week,Yoga,58,0,75.46,Average
548,33,Male,2,5-6 times a week,Cardio,32,9,157.77,Average
549,41,Male,5,3-4 times a week,Boxing,81,2,165.51,Average
550,33,Male,12,3-4 times a week,Cardio,39,7,119.35,Excellent
551,19,Female,4,2-3 times a week,Yoga,89,5,157.11,Poor
552,66,Female,11,2-3 times a week,Aerobics,30,6,160.39,Good
553,45,Male,7,2-3 times a week,Weightlifting,81,1,70.74,Excellent
554,49,Male,6,3-4 times a week,Cycling,72,5,194.93,Average
555,44,Female,2,3-4 times a week,Kickboxing,55,7,173.15,Excellent
556,37,Female,12,5-6 times a week,Pilates,87,7,80.67,Good
557,41,Female,11,5-6 times a week,Pilates,41,3,77.92,Good
558,29,Male,11,4-5 times a week,CrossFit,43,5,68.85,Poor
559,67,Female,5,3-4 times a week,Aerobics,54,4,70.76,Average
560,52,Male,7,2-3 times a week,Cycling,37,8,162.22,Average
561,50,Female,11,2-3 times a week,Aerobics,72,7,120.45,Excellent
562,50,Male,7,3-4 times a week,Weightlifting,33,1,167.44,Average
563,68,Female,5,2-3 times a week,Aerobics,57,6,161.94,Excellent
564,60,Female,12,2-3 times a week,Aerobics,36,6,140.69,Good
565,54,Female,9,2-3 times a week,Aerobics,39,0,152.95,Good
566,29,Female,4,4-5 times a week,Zumba,80,0,52.75,Good
567,20,Female,11,4-5 times a week,Yoga,86,3,96.77,Good
568,18,Male,3,2-3 times a week,Strength Training,87,4,145.67,Good
569,50,Female,4,3-4 times a week,Dance,65,3,51.4,Excellent
570,57,Female,5,2-3 times a week,Dance,31,6,54.95,Good
571,27,Female,6,4-5 times a week,Zumba,55,2,177.78,Excellent
572,60,Male,3,2-3 times a week,Cycling,82,6,152.6,Good
573,61,Female,2,3-4 times a week,Aerobics,79,7,89.81,Excellent
574,46,Male,4,3-4 times a week,Cycling,43,5,153.19,Excellent
575,30,Female,5,3-4 times a week,Pilates,87,5,168.87,Excellent
576,29,Female,4,4-5 times a week,Zumba,45,7,96.02,Average
577,48,Male,11,2-3 times a week,Cycling,83,7,55.41,Excellent
578,63,Female,12,3-4 times a week,Aerobics,72,6,189.92,Excellent
579,19,Male,3,2-3 times a week,CrossFit,71,5,101.78,Good
580,68,Male,8,3-4 times a week,Cycling,46,5,65.97,Excellent
581,67,Female,10,3-4 times a week,Aerobics,75,9,123.78,Excellent
582,52,Male,4,2-3 times a week,Weightlifting,51,5,165.27,Poor
583,40,Female,2,3-4 times a week,Pilates,33,7,83.25,Average
584,34,Female,2,5-6 times a week,Pilates,48,0,90.42,Poor
585,43,Male,1,5-6 times a week,Boxing,31,4,86.41,Good
586,25,Male,4,4-5 times a week,Strength Training,68,2,198.75,Average
587,46,Male,10,3-4 times a week,Weightlifting,38,7,79.61,Average
588,43,Male,9,5-6 times a week,Cardio,89,5,136.33,Poor
589,27,Female,11,4-5 times a week,Zumba,48,1,188.79,Average
590,43,Female,7,5-6 times a week,Kickboxing,45,6,72.03,Poor
591,51,Male,12,3-4 times a week,Cycling,83,6,195.63,Excellent
592,68,Female,10,3-4 times a week,Dance,54,4,192.12,Poor
593,58,Female,7,2-3 times a week,Aerobics,77,7,182.69,Average
594,24,Female,7,4-5 times a week,Zumba,47,4,82.18,Average
595,21,Female,8,4-5 times a week,Zumba,52,0,145.11,Good
596,67,Male,1,2-3 times a week,Cycling,82,8,164.13,Good
597,62,Male,10,3-4 times a week,Cycling,50,3,197.9,Good
598,28,Female,10,2-3 times a week,Zumba,40,1,77.06,Good
599,46,Male,8,2-3 times a week,Weightlifting,68,3,164.9,Average
600,53,Male,4,2-3 times a week,Cycling,70,8,100.82,Good
601,42,Male,4,3-4 times a week,Boxing,33,1,76.34,Poor
602,38,Female,4,3-4 times a week,Kickboxing,54,3,113.21,Excellent
603,53,Female,6,3-4 times a week,Aerobics,61,1,169.08,Average
604,27,Female,7,2-3 times a week,Zumba,59,4,119.73,Good
605,54,Male,6,2-3 times a week,Cycling,74,2,130.63,Average
606,26,Female,1,2-3 times a week,Zumba,88,9,199.27,Good
607,41,Female,12,3-4 times a week,Kickboxing,55,1,109.87,Average
608,52,Male,8,2-3 times a week,Weightlifting,86,8,142.31,Good
609,66,Female,10,2-3 times a week,Dance,65,4,104.79,Excellent
610,52,Female,11,3-4 times a week,Aerobics,80,9,108.92,Good
611,65,Male,7,2-3 times a week,Cycling,63,4,154.35,Poor
612,53,Male,6,2-3 times a week,Cycling,38,0,190.68,Average
613,35,Male,6,5-6 times a week,Boxing,41,5,131.35,Average
614,66,Female,5,3-4 times a week,Aerobics,31,6,165.26,Poor
615,56,Female,6,2-3 times a week,Aerobics,67,0,63.38,Poor
616,49,Female,12,3-4 times a week,Dance,34,8,81.67,Excellent
617,41,Male,9,3-4 times a week,Boxing,34,7,125.32,Average
618,40,Male,10,3-4 times a week,Cardio,81,7,53.0,Excellent
619,49,Female,9,2-3 times a week,Aerobics,51,6,87.93,Average
620,54,Female,10,3-4 times a week,Dance,34,4,127.61,Average
621,29,Male,8,4-5 times a week,Strength Training,88,2,52.24,Excellent
622,66,Male,10,3-4 times a week,Weightlifting,33,8,89.68,Average
623,30,Male,9,5-6 times a week,Boxing,38,6,127.1,Average
624,40,Male,10,3-4 times a week,Boxing,58,9,135.97,Excellent
625,42,Female,8,3-4 times a week,Kickboxing,51,9,188.86,Good
626,52,Male,8,3-4 times a week,Weightlifting,56,7,146.8,Excellent
627,58,Female,1,3-4 times a week,Dance,39,5,112.21,Average
628,47,Female,10,3-4 times a week,Aerobics,45,4,189.55,Poor
629,34,Female,11,3-4 times a week,Kickboxing,71,7,167.73,Good
630,66,Male,5,3-4 times a week,Weightlifting,71,2,80.0,Poor
631,37,Male,4,3-4 times a week,Boxing,80,6,69.63,Good
632,65,Male,2,3-4 times a week,Weightlifting,39,1,151.37,Poor
633,42,Male,8,3-4 times a week,Boxing,35,2,133.98,Good
634,39,Female,3,3-4 times a week,Kickboxing,78,1,168.45,Excellent
635,30,Male,4,3-4 times a week,Boxing,34,4,160.82,Good
636,36,Male,12,5-6 times a week,Boxing,87,6,143.78,Good
637,66,Female,7,2-3 times a week,Dance,35,9,197.96,Good
638,53,Male,10,3-4 times a week,Weightlifting,88,9,130.04,Average
639,29,Female,9,2-3 times a week,Yoga,85,0,66.97,Poor
640,58,Female,2,3-4 times a week,Dance,88,9,174.24,Excellent
641,36,Female,3,5-6 times a week,Kickboxing,76,8,87.78,Poor
642,29,Female,4,2-3 times a week,Yoga,54,0,166.6,Poor
643,26,Female,10,2-3 times a week,Zumba,88,0,193.57,Excellent
644,24,Female,1,4-5 times a week,Zumba,80,9,154.52,Average
645,45,Female,7,2-3 times a week,Aerobics,79,7,139.4,Good
646,31,Female,2,3-4 times a week,Kickboxing,33,5,119.06,Average
647,48,Male,5,2-3 times a week,Cycling,69,5,104.66,Average
648,69,Male,1,2-3 times a week,Weightlifting,88,8,102.95,Good
649,36,Male,3,3-4 times a week,Boxing,77,3,145.46,Poor
650,64,Male,12,3-4 times a week,Cycling,61,7,162.69,Good
651,33,Female,2,3-4 times a week,Pilates,85,3,151.78,Excellent
652,22,Male,1,4-5 times a week,Strength Training,80,1,79.76,Good
653,52,Female,7,3-4 times a week,Dance,81,7,124.1,Poor
654,29,Male,5,4-5 times a week,Strength Training,64,6,168.75,Average
655,42,Male,1,5-6 times a week,Cardio,39,3,121.36,Average
656,69,Male,6,2-3 times a week,Cycling,63,8,130.49,Good
657,38,Female,5,3-4 times a week,Pilates,65,8,165.67,Excellent
658,53,Male,3,3-4 times a week,Cycling,35,7,149.19,Poor
659,40,Female,12,5-6 times a week,Kickboxing,72,0,111.4,Average
660,33,Female,7,5-6 times a week,Pilates,75,6,184.31,Good
661,56,Male,11,3-4 times a week,Cycling,45,4,74.39,Excellent
662,62,Male,10,2-3 times a week,Cycling,88,6,199.33,Excellent
663,59,Male,9,3-4 times a week,Weightlifting,82,8,67.83,Average
664,56,Female,9,2-3 times a week,Aerobics,48,1,52.24,Average
665,31,Male,9,5-6 times a week,Boxing,63,3,183.5,Poor
666,48,Female,2,2-3 times a week,Aerobics,54,3,86.74,Excellent
667,22,Female,3,2-3 times a week,Zumba,60,1,159.45,Poor
668,52,Male,7,3-4 times a week,Weightlifting,78,2,171.65,Excellent
669,40,Male,5,3-4 times a week,Boxing,70,7,178.85,Excellent
670,46,Female,2,3-4 times a week,Dance,46,8,198.74,Good
671,60,Female,3,3-4 times a week,Aerobics,76,5,94.11,Average
672,28,Female,10,2-3 times a week,Yoga,59,9,156.54,Excellent
673,35,Male,6,5-6 times a week,Cardio,68,1,67.31,Poor
674,64,Female,7,2-3 times a week,Aerobics,83,1,111.02,Average
675,29,Male,9,2-3 times a week,CrossFit,84,6,177.2,Poor
676,26,Female,1,2-3 times a week,Zumba,60,7,105.15,Average
677,27,Female,11,4-5 times a week,Zumba,48,7,138.66,Average
678,61,Male,7,3-4 times a week,Weightlifting,64,5,125.57,Excellent
679,34,Female,8,3-4 times a week,Pilates,58,9,146.89,Good
680,55,Male,12,2-3 times a week,Weightlifting,88,7,195.93,Excellent
681,24,Male,3,2-3 times a week,CrossFit,30,0,58.36,Average
682,63,Female,4,2-3 times a week,Aerobics,33,8,136.09,Excellent
683,30,Male,10,3-4 times a week,Cardio,57,0,179.45,Excellent
684,57,Male,6,3-4 times a week,Cycling,47,2,122.21,Average
685,59,Female,10,2-3 times a week,Aerobics,55,8,61.78,Average
686,26,Male,7,4-5 times a week,Strength Training,69,4,134.08,Excellent
687,67,Male,4,3-4 times a week,Weightlifting,48,8,99.81,Excellent
688,44,Male,8,3-4 times a week,Boxing,84,8,73.24,Excellent
689,19,Female,5,4-5 times a week,Zumba,84,5,177.36,Poor
690,22,Male,1,2-3 times a week,Strength Training,89,0,128.24,Excellent
691,46,Female,4,3-4 times a week,Dance,86,9,189.99,Poor
692,54,Female,3,2-3 times a week,Aerobics,35,6,170.9,Good
693,55,Male,9,3-4 times a week,Weightlifting,30,5,153.95,Poor
694,36,Male,8,3-4 times a week,Cardio,37,8,50.75,Excellent
695,25,Male,1,2-3 times a week,Strength Training,62,6,114.17,Good
696,65,Female,11,2-3 times a week,Dance,80,3,79.62,Poor
697,62,Male,6,2-3 times a week,Cycling,72,6,186.62,Poor
698,18,Male,9,4-5 times a week,Strength Training,50,1,76.19,Average
699,39,Male,7,3-4 times a week,Boxing,53,5,92.91,Good
700,69,Male,4,2-3 times a week,Cycling,54,5,127.53,Average
701,34,Male,1,5-6 times a week,Cardio,76,1,89.5,Good
702,24,Female,12,2-3 times a week,Zumba,84,3,81.48,Poor
703,42,Female,2,3-4 times a week,Kickboxing,86,7,139.86,Average
704,62,Male,12,3-4 times a week,Cycling,72,7,63.34,Excellent
705,21,Male,5,4-5 times a week,CrossFit,48,7,58.73,Poor
706,53,Male,12,3-4 times a week,Weightlifting,58,7,105.84,Good
707,23,Male,11,2-3 times a week,Strength Training,82,0,158.1,Good
708,48,Female,5,2-3 times a week,Dance,39,1,133.22,Average
709,36,Male,8,3-4 times a week,Cardio,85,3,113.43,Average
710,61,Female,6,3-4 times a week,Aerobics,41,8,134.86,Good
711,56,Female,8,2-3 times a week,Aerobics,62,2,104.82,Poor
712,44,Male,2,5-6 times a week,Cardio,85,5,190.42,Average
713,27,Female,3,4-5 times a week,Yoga,36,6,58.24,Excellent
714,43,Female,6,3-4 times a week,Pilates,46,7,151.01,Good
715,36,Female,12,3-4 times a week,Pilates,87,6,183.69,Excellent
716,56,Female,10,2-3 times a week,Dance,89,2,170.58,Good
717,20,Male,3,2-3 times a week,CrossFit,39,5,77.61,Excellent
718,62,Male,6,2-3 times a week,Cycling,60,4,94.39,Poor
719,30,Female,6,3-4 times a week,Pilates,89,9,157.56,Good
720,67,Male,2,2-3 times a week,Cycling,35,3,62.64,Poor
721,45,Male,7,2-3 times a week,Cycling,46,0,171.78,Average
722,37,Male,12,5-6 times a week,Cardio,79,6,157.84,Good
723,45,Male,2,3-4 times a week,Weightlifting,66,7,159.44,Poor
724,25,Male,6,4-5 times a week,Strength Training,47,1,65.04,Excellent
725,58,Female,1,3-4 times a week,Aerobics,55,6,157.66,Poor
726,56,Male,3,2-3 times a week,Cycling,78,5,151.97,Good
727,18,Male,2,2-3 times a week,Strength Training,83,4,174.64,Poor
728,20,Male,7,2-3 times a week,Strength Training,45,3,56.24,Excellent
729,30,Male,4,5-6 times a week,Cardio,37,1,53.47,Excellent
730,45,Female,8,2-3 times a week,Aerobics,53,9,105.95,Excellent
731,66,Female,6,3-4 times a week,Dance,42,5,72.32,Average
732,42,Female,12,5-6 times a week,Kickboxing,58,4,133.76,Good
733,50,Female,10,2-3 times a week,Dance,61,1,187.6,Excellent
734,55,Male,4,3-4 times a week,Cycling,53,9,108.72,Average
735,23,Female,5,4-5 times a week,Yoga,45,6,176.74,Excellent
736,61,Male,9,3-4 times a week,Weightlifting,40,5,50.04,Poor
737,62,Male,7,2-3 times a week,Weightlifting,61,8,75.28,Good
738,49,Male,10,2-3 times a week,Weightlifting,35,9,54.56,Poor
739,62,Male,9,2-3 times a week,Cycling,88,4,99.22,Average
740,64,Male,7,3-4 times a week,Weightlifting,64,8,186.23,Poor
741,38,Female,12,3-4 times a week,Pilates,62,8,64.54,Poor
742,33,Female,1,3-4 times a week,Pilates,47,0,140.96,Excellent
743,38,Female,12,5-6 times a week,Kickboxing,66,4,117.72,Poor
744,28,Female,8,2-3 times a week,Yoga,42,8,190.77,Excellent
745,54,Male,4,3-4 times a week,Weightlifting,39,6,68.38,Excellent
746,53,Female,3,3-4 times a week,Dance,66,5,81.8,Good
747,52,Male,7,2-3 times a week,Cycling,55,5,54.43,Average
748,36,Female,12,3-4 times a week,Kickboxing,75,6,115.09,Average
749,37,Male,3,3-4 times a week,Cardio,46,0,91.67,Average
750,35,Male,8,5-6 times a week,Boxing,30,3,180.49,Excellent
751,64,Female,6,3-4 times a week,Aerobics,54,0,140.74,Average
752,58,Male,5,2-3 times a week,Cycling,63,5,142.11,Excellent
753,66,Male,4,3-4 times a week,Cycling,68,3,129.79,Good
754,31,Female,8,5-6 times a week,Kickboxing,39,0,63.78,Average
755,32,Male,8,5-6 times a week,Boxing,49,8,116.75,Excellent
756,48,Female,12,2-3 times a week,Dance,36,3,199.93,Average
757,18,Female,1,4-5 times a week,Zumba,85,5,175.28,Average
758,20,Female,9,2-3 times a week,Zumba,45,6,184.02,Good
759,33,Male,5,3-4 times a week,Cardio,66,7,173.48,Poor
760,40,Male,4,3-4 times a week,Boxing,58,8,65.46,Average
761,28,Male,6,2-3 times a week,Strength Training,89,8,84.12,Good
762,29,Female,6,2-3 times a week,Yoga,41,7,50.47,Average
763,27,Male,2,2-3 times a week,CrossFit,46,9,95.53,Average
764,49,Female,8,3-4 times a week,Aerobics,77,2,66.29,Average
765,33,Female,7,3-4 times a week,Pilates,49,1,120.92,Average
766,25,Male,1,4-5 times a week,Strength Training,55,4,151.57,Poor
767,55,Female,5,3-4 times a week,Aerobics,77,0,181.18,Poor
768,29,Male,12,4-5 times a week,Strength Training,48,2,162.38,Average
769,41,Male,6,3-4 times a week,Boxing,87,0,190.79,Average
770,45,Male,4,2-3 times a week,Cycling,76,2,58.08,Good
771,25,Male,2,2-3 times a week,CrossFit,41,3,51.83,Good
772,45,Male,4,3-4 times a week,Weightlifting,50,6,149.2,Excellent
773,53,Female,1,2-3 times a week,Dance,71,4,93.4,Poor
774,43,Female,7,5-6 times a week,Pilates,87,4,88.03,Average
775,25,Female,2,2-3 times a week,Yoga,83,0,99.63,Poor
776,67,Male,2,3-4 times a week,Cycling,63,7,90.47,Good
777,45,Male,9,2-3 times a week,Weightlifting,36,3,126.72,Poor
778,45,Male,5,2-3 times a week,Weightlifting,74,9,116.02,Poor
779,54,Female,2,3-4 times a week,Aerobics,64,4,126.86,Average
780,58,Male,11,2-3 times a week,Cycling,44,1,150.91,Average
781,53,Female,9,2-3 times a week,Aerobics,30,0,108.07,Good
782,44,Female,9,3-4 times a week,Kickboxing,55,8,87.7,Average
783,34,Male,1,5-6 times a week,Cardio,64,1,74.93,Good
784,26,Male,11,2-3 times a week,Strength Training,54,5,102.42,Good
785,50,Female,3,3-4 times a week,Aerobics,71,0,161.27,Excellent
786,37,Male,4,3-4 times a week,Boxing,88,0,163.51,Excellent
787,30,Female,7,3-4 times a week,Kickboxing,88,8,150.04,Excellent
788,45,Male,10,2-3 times a week,Cycling,44,3,85.1,Poor
789,65,Male,4,3-4 times a week,Weightlifting,51,8,138.21,Excellent
790,46,Female,2,3-4 times a week,Aerobics,88,4,135.6,Average
791,30,Male,7,3-4 times a week,Boxing,35,6,122.64,Average
792,63,Female,6,2-3 times a week,Dance,81,0,132.5,Excellent
793,52,Male,3,3-4 times a week,Cycling,44,5,123.77,Poor
794,23,Female,6,4-5 times a week,Yoga,53,7,134.82,Good
795,35,Female,11,5-6 times a week,Kickboxing,50,0,157.33,Poor
796,68,Male,6,2-3 times a week,Weightlifting,36,8,66.44,Poor
797,22,Female,12,4-5 times a week,Yoga,86,2,162.44,Good
798,64,Male,5,2-3 times a week,Weightlifting,58,0,70.38,Good
799,42,Male,4,3-4 times a week,Cardio,61,0,59.99,Good
800,19,Male,10,2-3 times a week,Strength Training,61,5,196.41,Average
801,27,Female,12,2-3 times a week,Yoga,82,5,193.55,Good
802,47,Female,1,2-3 times a week,Aerobics,88,0,59.07,Good
803,67,Male,10,3-4 times a week,Cycling,34,2,116.49,Poor
804,62,Male,6,3-4 times a week,Weightlifting,33,6,77.94,Poor
805,22,Female,2,2-3 times a week,Yoga,51,9,122.8,Excellent
806,50,Male,3,2-3 times a week,Weightlifting,47,2,174.53,Poor
807,18,Male,8,4-5 times a week,CrossFit,64,2,192.59,Good
808,35,Female,10,5-6 times a week,Pilates,46,2,145.14,Average
809,49,Male,6,2-3 times a week,Weightlifting,79,6,103.09,Poor
810,64,Female,3,3-4 times a week,Dance,79,3,140.5,Poor
811,66,Male,7,3-4 times a week,Weightlifting,85,3,96.8,Good
812,28,Female,4,2-3 times a week,Zumba,53,2,186.47,Poor
813,38,Male,9,3-4 times a week,Boxing,31,9,180.56,Poor
814,43,Male,5,3-4 times a week,Boxing,42,8,133.73,Good
815,42,Female,3,5-6 times a week,Kickboxing,83,1,98.72,Poor
816,39,Male,2,3-4 times a week,Boxing,44,3,94.01,Average
817,44,Female,11,5-6 times a week,Kickboxing,34,7,55.01,Excellent
818,66,Male,2,2-3 times a week,Cycling,32,5,172.37,Poor
819,30,Female,3,5-6 times a week,Pilates,66,6,117.56,Average
820,50,Female,2,3-4 times a week,Aerobics,66,6,98.77,Poor
821,51,Female,4,3-4 times a week,Dance,66,1,120.67,Excellent
822,58,Female,2,2-3 times a week,Dance,32,3,172.81,Good
823,52,Male,10,3-4 times a week,Cycling,64,9,68.69,Excellent
824,18,Male,9,4-5 times a week,CrossFit,81,9,178.65,Poor
825,38,Female,2,5-6 times a week,Pilates,52,5,184.63,Excellent
826,65,Female,9,2-3 times a week,Aerobics,89,2,192.01,Excellent
827,23,Female,6,2-3 times a week,Yoga,57,8,109.62,Good
828,45,Male,1,2-3 times a week,Weightlifting,89,3,82.57,Poor
829,34,Male,4,3-4 times a week,Boxing,59,9,106.05,Excellent
830,22,Male,1,2-3 times a week,CrossFit,47,1,99.94,Excellent
831,48,Male,6,2-3 times a week,Weightlifting,87,5,76.42,Good
832,22,Female,4,4-5 times a week,Zumba,81,0,141.09,Average
833,55,Female,3,2-3 times a week,Aerobics,65,5,121.49,Poor
834,20,Female,3,2-3 times a week,Zumba,62,9,179.86,Average
835,40,Male,9,5-6 times a week,Cardio,55,0,54.82,Average
836,54,Male,6,3-4 times a week,Weightlifting,77,7,146.58,Good
837,54,Male,9,3-4 times a week,Weightlifting,69,4,164.44,Good
838,27,Female,5,4-5 times a week,Zumba,46,5,163.92,Poor
839,27,Female,2,2-3 times a week,Zumba,69,1,182.91,Average
840,36,Male,8,5-6 times a week,Boxing,36,1,159.36,Excellent
841,34,Female,5,3-4 times a week,Pilates,86,8,189.17,Average
842,38,Male,2,5-6 times a week,Cardio,37,2,99.9,Good
843,31,Male,4,3-4 times a week,Boxing,82,5,125.48,Excellent
844,26,Female,9,2-3 times a week,Yoga,85,9,52.11,Excellent
845,63,Male,4,2-3 times a week,Cycling,60,4,51.04,Good
846,18,Female,12,2-3 times a week,Zumba,88,3,86.02,Excellent
847,68,Male,12,3-4 times a week,Cycling,87,9,65.12,Average
848,62,Female,12,2-3 times a week,Dance,41,1,89.03,Good
849,30,Female,4,5-6 times a week,Kickboxing,77,7,76.56,Poor
850,21,Female,2,2-3 times a week,Yoga,60,9,54.28,Good
851,18,Male,12,2-3 times a week,CrossFit,73,6,186.4,Poor
852,66,Male,6,2-3 times a week,Weightlifting,48,1,51.23,Poor
853,57,Female,11,3-4 times a week,Aerobics,39,5,160.41,Good
854,49,Female,2,3-4 times a week,Aerobics,68,7,72.82,Good
855,51,Male,12,2-3 times a week,Cycling,41,6,186.83,Poor
856,45,Male,7,3-4 times a week,Weightlifting,49,0,183.92,Poor
857,48,Male,3,3-4 times a week,Cycling,66,4,148.09,Excellent
858,25,Female,3,4-5 times a week,Zumba,77,1,150.84,Good
859,56,Male,5,3-4 times a week,Weightlifting,70,5,50.8,Good
860,43,Male,3,3-4 times a week,Cardio,36,6,197.73,Excellent
861,51,Female,2,3-4 times a week,Dance,81,6,181.67,Good
862,20,Male,10,4-5 times a week,Strength Training,83,2,184.27,Excellent
863,67,Male,9,2-3 times a week,Weightlifting,87,6,148.89,Excellent
864,29,Male,2,4-5 times a week,CrossFit,43,4,101.72,Good
865,18,Female,11,2-3 times a week,Yoga,40,7,184.05,Average
866,61,Female,2,2-3 times a week,Aerobics,36,7,93.73,Poor
867,22,Female,8,2-3 times a week,Zumba,58,6,134.41,Good
868,47,Female,9,3-4 times a week,Aerobics,39,5,64.96,Average
869,47,Female,7,3-4 times a week,Aerobics,58,1,188.29,Excellent
870,34,Female,3,3-4 times a week,Pilates,38,5,71.12,Average
871,65,Female,9,3-4 times a week,Aerobics,65,8,83.73,Good
872,64,Male,3,2-3 times a week,Cycling,77,1,133.72,Good
873,40,Male,5,5-6 times a week,Cardio,39,0,164.61,Average
874,32,Female,9,5-6 times a week,Kickboxing,48,4,142.9,Good
875,54,Male,12,2-3 times a week,Weightlifting,85,5,84.82,Poor
876,38,Male,3,3-4 times a week,Cardio,60,2,50.14,Average
877,31,Female,7,3-4 times a week,Pilates,46,7,163.57,Excellent
878,19,Male,12,4-5 times a week,CrossFit,38,6,197.78,Average
879,28,Male,1,4-5 times a week,Strength Training,74,1,171.49,Average
880,68,Male,4,3-4 times a week,Cycling,62,6,119.03,Average
881,56,Male,4,2-3 times a week,Weightlifting,63,0,185.57,Average
882,55,Male,7,2-3 times a week,Cycling,74,8,111.48,Excellent
883,51,Female,8,3-4 times a week,Dance,53,6,128.74,Excellent
884,55,Female,1,3-4 times a week,Aerobics,38,5,121.57,Excellent
885,67,Female,5,3-4 times a week,Dance,36,1,117.14,Average
886,51,Male,7,3-4 times a week,Weightlifting,45,2,166.28,Poor
887,35,Female,12,5-6 times a week,Pilates,48,0,129.02,Poor
888,47,Male,4,2-3 times a week,Cycling,68,9,97.51,Excellent
889,32,Male,4,5-6 times a week,Boxing,35,4,88.72,Poor
890,44,Male,4,5-6 times a week,Cardio,79,8,55.66,Poor
891,68,Male,12,2-3 times a week,Weightlifting,80,5,137.48,Poor
892,51,Female,6,2-3 times a week,Aerobics,40,4,84.49,Poor
893,69,Female,7,2-3 times a week,Dance,41,2,72.22,Poor
894,55,Male,2,2-3 times a week,Weightlifting,87,4,148.07,Good
895,50,Female,5,3-4 times a week,Aerobics,71,7,152.18,Excellent
896,41,Male,4,3-4 times a week,Cardio,42,1,162.82,Average
897,32,Female,3,5-6 times a week,Pilates,41,4,125.54,Poor
898,47,Female,7,2-3 times a week,Dance,50,5,184.11,Good
899,59,Male,11,3-4 times a week,Weightlifting,39,9,190.45,Average
900,68,Female,12,2-3 times a week,Dance,49,7,171.11,Good
901,34,Male,6,3-4 times a week,Boxing,79,7,145.34,Poor
902,22,Female,7,2-3 times a week,Yoga,65,4,95.56,Poor
903,46,Male,5,3-4 times a week,Cycling,57,8,197.44,Poor
904,21,Male,6,4-5 times a week,CrossFit,53,3,91.12,Poor
905,27,Female,5,4-5 times a week,Yoga,34,8,80.4,Average
906,34,Female,7,5-6 times a week,Kickboxing,66,6,116.32,Average
907,27,Male,2,2-3 times a week,Strength Training,89,5,58.53,Good
908,34,Female,11,5-6 times a week,Pilates,41,3,196.77,Excellent
909,37,Female,5,5-6 times a week,Pilates,87,1,138.27,Poor
910,41,Male,6,3-4 times a week,Boxing,64,7,133.54,Good
911,22,Male,6,2-3 times a week,Strength Training,69,5,148.37,Good
912,51,Female,5,3-4 times a week,Dance,83,2,124.55,Good
913,23,Male,10,4-5 times a week,CrossFit,31,6,54.81,Poor
914,19,Male,7,4-5 times a week,CrossFit,79,9,141.85,Poor
915,30,Male,10,3-4 times a week,Cardio,70,6,157.43,Good
916,60,Female,8,2-3 times a week,Dance,74,5,112.51,Poor
917,60,Female,7,3-4 times a week,Aerobics,68,1,163.59,Good
918,65,Male,5,3-4 times a week,Weightlifting,71,7,84.05,Average
919,28,Female,1,2-3 times a week,Zumba,38,0,83.19,Poor
920,68,Male,5,2-3 times a week,Weightlifting,51,0,74.21,Average
921,64,Female,10,3-4 times a week,Aerobics,76,5,105.8,Excellent
922,40,Male,2,3-4 times a week,Cardio,34,4,177.05,Poor
923,33,Male,5,3-4 times a week,Cardio,41,8,174.19,Excellent
924,48,Female,5,3-4 times a week,Aerobics,30,6,107.42,Good
925,28,Male,2,4-5 times a week,CrossFit,73,1,138.37,Poor
926,33,Female,5,5-6 times a week,Kickboxing,51,6,158.12,Poor
927,25,Female,4,4-5 times a week,Yoga,67,2,86.18,Poor
928,21,Male,1,4-5 times a week,Strength Training,80,0,75.22,Excellent
929,57,Male,3,3-4 times a week,Weightlifting,48,7,195.81,Excellent
930,21,Female,1,4-5 times a week,Zumba,45,2,142.63,Good
931,42,Male,12,3-4 times a week,Cardio,60,7,197.21,Average
932,20,Male,11,2-3 times a week,Strength Training,80,6,100.66,Average
933,49,Male,5,2-3 times a week,Cycling,32,1,155.45,Excellent
934,20,Male,4,2-3 times a week,Strength Training,52,0,83.39,Poor
935,44,Male,7,5-6 times a week,Cardio,71,6,89.18,Average
936,46,Female,5,2-3 times a week,Aerobics,88,0,126.79,Average
937,49,Female,10,2-3 times a week,Dance,47,5,97.94,Excellent
938,67,Male,4,2-3 times a week,Cycling,55,9,75.14,Good
939,68,Male,2,3-4 times a week,Cycling,42,9,89.43,Excellent
940,36,Male,4,5-6 times a week,Cardio,87,7,55.36,Excellent
941,38,Female,12,5-6 times a week,Kickboxing,47,6,155.66,Poor
942,22,Male,2,2-3 times a week,CrossFit,32,3,123.82,Excellent
943,35,Female,8,3-4 times a week,Kickboxing,87,0,64.14,Poor
944,45,Female,3,3-4 times a week,Aerobics,89,0,75.75,Good
945,59,Female,9,3-4 times a week,Dance,52,3,65.38,Poor
946,39,Male,4,3-4 times a week,Boxing,32,4,141.89,Good
947,38,Female,6,5-6 times a week,Kickboxing,84,6,64.13,Good
948,23,Male,10,2-3 times a week,Strength Training,54,3,163.14,Good
949,18,Female,5,4-5 times a week,Zumba,56,9,53.08,Excellent
950,22,Male,10,2-3 times a week,Strength Training,87,0,87.41,Poor
951,58,Female,1,2-3 times a week,Aerobics,73,9,183.6,Average
952,29,Male,9,4-5 times a week,Strength Training,56,6,157.78,Excellent
953,43,Female,1,3-4 times a week,Kickboxing,81,1,60.95,Good
954,63,Male,8,3-4 times a week,Weightlifting,68,1,173.17,Average
955,51,Male,9,2-3 times a week,Weightlifting,54,7,123.96,Excellent
956,66,Male,9,3-4 times a week,Weightlifting,53,9,177.02,Average
957,31,Male,1,5-6 times a week,Boxing,37,9,140.11,Good
958,43,Female,2,5-6 times a week,Pilates,38,9,152.27,Average
959,62,Female,12,2-3 times a week,Dance,75,4,199.03,Average
960,44,Male,1,3-4 times a week,Boxing,66,9,84.85,Good
961,26,Female,10,4-5 times a week,Zumba,59,1,143.59,Average
962,43,Male,2,3-4 times a week,Cardio,82,4,119.05,Excellent
963,64,Male,10,3-4 times a week,Weightlifting,48,7,55.92,Average
964,39,Female,12,3-4 times a week,Kickboxing,82,5,52.17,Poor
965,64,Male,8,2-3 times a week,Weightlifting,45,2,67.88,Excellent
966,47,Male,5,2-3 times a week,Weightlifting,53,7,147.36,Average
967,60,Female,12,3-4 times a week,Dance,73,8,135.07,Poor
968,65,Male,11,3-4 times a week,Weightlifting,50,4,133.01,Poor
969,34,Male,7,5-6 times a week,Cardio,65,1,54.78,Poor
970,43,Male,2,3-4 times a week,Cardio,69,1,120.4,Average
971,53,Male,8,2-3 times a week,Cycling,68,6,188.69,Good
972,18,Female,11,4-5 times a week,Zumba,76,0,109.64,Poor
973,25,Female,6,2-3 times a week,Yoga,35,9,143.74,Good
974,66,Female,8,2-3 times a week,Aerobics,34,1,166.97,Excellent
975,52,Male,1,2-3 times a week,Weightlifting,43,9,167.59,Good
976,69,Male,1,3-4 times a week,Cycling,82,3,127.89,Good
977,32,Female,12,3-4 times a week,Pilates,74,0,178.69,Good
978,64,Male,7,3-4 times a week,Cycling,71,3,108.71,Good
979,39,Male,8,5-6 times a week,Cardio,79,9,183.3,Good
980,31,Male,3,5-6 times a week,Boxing,33,4,86.03,Excellent
981,43,Male,5,5-6 times a week,Cardio,37,8,92.03,Excellent
982,45,Female,12,3-4 times a week,Dance,53,0,57.97,Good
983,40,Female,1,3-4 times a week,Pilates,40,4,169.34,Good
984,31,Female,7,5-6 times a week,Pilates,46,1,112.56,Poor
985,41,Male,5,5-6 times a week,Boxing,79,8,84.37,Excellent
986,19,Female,8,4-5 times a week,Zumba,50,5,84.77,Average
987,62,Female,8,3-4 times a week,Aerobics,86,1,185.21,Excellent
988,43,Male,9,5-6 times a week,Cardio,55,2,175.09,Average
989,31,Male,7,3-4 times a week,Boxing,72,7,133.03,Poor
990,68,Female,11,2-3 times a week,Dance,77,0,142.42,Good
991,24,Female,1,4-5 times a week,Yoga,73,2,121.15,Poor
992,20,Female,3,4-5 times a week,Yoga,74,9,108.75,Good
993,64,Female,8,3-4 times a week,Dance,56,0,187.32,Excellent
994,40,Male,3,3-4 times a week,Boxing,45,7,68.84,Good
995,63,Female,8,3-4 times a week,Dance,84,0,112.77,Average
996,60,Female,1,2-3 times a week,Aerobics,55,4,101.68,Average
997,64,Male,5,2-3 times a week,Cycling,82,3,124.72,Poor
998,62,Female,4,2-3 times a week,Aerobics,62,6,118.64,Excellent
999,35,Male,5,5-6 times a week,Boxing,60,4,127.83,Average
1000,55,Male,8,3-4 times a week,Cycling,77,7,70.99,Poor
