UserID,Age,Gender,Country,SubscriptionDuration,PreferredGenre,AvgWatchTime,NumMoviesWatched,NumSeriesWatched,PreferredTime,Rating,AgeGroup
1,49,Female,San Marino,53,Drama,56.0,50,12,Night,4.34501421980265,Middle (30-50)
2,27,Male,United States of America,2,Drama,185.59444237537187,53,12,Afternoon,1.0376523777613986,Young (<30)
3,54,Female,Dominican Republic,58,Action,125.55034040225063,61,3,Morning,5.0,Senior (>50)
4,35,Female,Guadeloupe,34,Action,170.0,48,14,Night,5.0,Middle (30-50)
5,24,Female,Jamaica,16,Comedy,220.15269578754373,42,12,Evening,2.3698176706067313,Young (<30)
6,21,Male,Saint Barthelemy,17,Drama,206.85142646537926,40,15,Afternoon,2.155140405312699,Young (<30)
7,19,Male,Eritrea,44,Horror,131.31271119641966,44,7,Evening,4.088570856033298,Young (<30)
8,27,Male,Guatemala,12,Drama,130.41013380458568,33,12,Afternoon,1.45155077469068,Young (<30)
9,33,Female,British Virgin Islands,28,Comedy,122.0,46,12,Morning,4.1,Middle (30-50)
10,58,Male,Greenland,31,Horror,71.64182888355059,44,13,Evening,1.0204765479090043,Senior (>50)
11,50,Female,Kazakhstan,53,Action,89.0,64,5,Morning,4.837894844596951,Middle (30-50)
12,70,Female,Mozambique,59,Horror,149.7024570389887,68,17,Afternoon,3.770074112045576,Senior (>50)
13,70,Male,Burundi,56,Comedy,209.2643885665764,58,7,Afternoon,4.639036212884332,Senior (>50)
14,36,Female,French Polynesia,21,Drama,166.0,45,10,Afternoon,4.751884481333662,Middle (30-50)
15,34,Female,Vanuatu,23,Horror,146.0,60,15,Afternoon,4.9,Middle (30-50)
16,42,Female,Liberia,44,Drama,8.0,59,4,Evening,2.1435269133145147,Middle (30-50)
17,60,Male,Cook Islands,48,Drama,205.9171228490115,57,11,Evening,4.4123699129789475,Senior (>50)
18,49,Female,Vanuatu,11,Romance,46.0,55,8,Afternoon,4.396816004990237,Middle (30-50)
19,45,Male,Belize,34,Horror,165.83359375368687,42,11,Evening,2.8,Middle (30-50)
20,27,Male,Anguilla,22,Drama,176.26059931116578,40,10,Night,2.643437200336716,Young (<30)
21,40,Female,Saint Vincent and the Grenadines,56,Romance,60.0,63,11,Evening,5.0,Middle (30-50)
22,31,Male,French Southern Territories,46,Horror,55.27078458300699,60,8,Evening,3.559069190173366,Middle (30-50)
23,70,Female,Jersey,24,Action,75.80727489155882,40,15,Afternoon,3.457518844774743,Senior (>50)
24,20,Female,Bangladesh,21,Drama,140.51719528153035,50,13,Evening,2.921867373386186,Young (<30)
25,58,Female,Armenia,51,Drama,52.64206541293259,58,10,Morning,5.0,Senior (>50)
26,68,Female,Singapore,56,Horror,77.30910266353808,37,10,Afternoon,3.2397474341174615,Senior (>50)
27,64,Female,Greece,1,Comedy,97.99296690702667,49,10,Afternoon,4.748902241822289,Senior (>50)
28,15,Male,Oman,31,Drama,36.96255733837831,48,14,Night,2.6898808288947738,Young (<30)
29,64,Female,Greece,10,Comedy,98.44844127938173,54,20,Night,4.639528678169998,Senior (>50)
30,44,Female,Algeria,29,Horror,137.0,49,10,Evening,3.2,Middle (30-50)
31,27,Male,Cook Islands,53,Horror,185.12746718810564,49,10,Evening,1.1271468181312343,Young (<30)
32,33,Female,Northern Mariana Islands,32,Romance,73.0,55,11,Evening,5.0,Middle (30-50)
33,29,Male,France,52,Comedy,124.74609989703481,42,8,Night,4.831910102654731,Young (<30)
34,67,Female,Luxembourg,28,Horror,171.63082156960215,56,9,Afternoon,5.0,Senior (>50)
35,66,Male,Vietnam,37,Romance,101.98578945542629,50,8,Night,3.890763123041357,Senior (>50)
36,27,Male,El Salvador,41,Romance,95.46090915257105,45,10,Night,3.187423567658823,Young (<30)
37,19,Female,Isle of Man,59,Horror,234.13606638975682,55,8,Night,2.4549047652365896,Young (<30)
38,41,Male,Vietnam,38,Romance,4.0,51,6,Evening,4.103578494199338,Middle (30-50)
39,34,Male,Costa Rica,20,Drama,221.0,48,4,Night,4.1,Middle (30-50)
40,23,Male,Solomon Islands,52,Romance,95.49057307863966,70,12,Evening,2.8279364178604203,Young (<30)
41,58,Male,Maldives,48,Romance,76.01295261613133,52,10,Night,4.9560248967570635,Senior (>50)
42,49,Female,Swaziland,24,Action,145.0,42,12,Evening,2.9,Middle (30-50)
43,23,Female,Myanmar,33,Action,138.37136623503454,50,9,Morning,2.8935754945955035,Young (<30)
44,68,Male,Cuba,38,Horror,216.98926428290807,59,17,Morning,4.03599915100107,Senior (>50)
45,39,Male,Niue,23,Horror,5.034717256582596,46,15,Evening,2.6,Middle (30-50)
46,44,Female,Bahamas,43,Comedy,228.0,68,11,Evening,3.154930018559586,Middle (30-50)
47,61,Female,United Arab Emirates,34,Horror,133.60086530751363,54,8,Afternoon,5.0,Senior (>50)
48,40,Male,Andorra,37,Drama,191.0,37,9,Night,1.4480620675239835,Middle (30-50)
49,48,Male,Netherlands,25,Comedy,119.0,53,15,Afternoon,2.8,Middle (30-50)
50,27,Male,Slovenia,13,Drama,133.30519105623898,58,9,Evening,4.1074596086415935,Young (<30)
51,16,Male,Tokelau,26,Drama,177.38195668292997,41,11,Evening,1.7852820872323205,Young (<30)
52,52,Female,Singapore,10,Drama,84.21924354185028,47,14,Night,2.6143103897686806,Senior (>50)
53,43,Female,Guatemala,11,Comedy,165.0,49,11,Night,2.3,Middle (30-50)
54,50,Female,Brunei Darussalam,16,Horror,115.0,61,15,Night,1.7,Middle (30-50)
55,62,Female,Hong Kong,10,Action,19.08053840777253,42,9,Morning,2.25266328496235,Senior (>50)
56,22,Male,Tajikistan,1,Comedy,95.64828370329505,50,10,Afternoon,2.4250252709861835,Young (<30)
57,23,Female,Luxembourg,59,Action,80.6756548611064,41,12,Morning,1.44926518519333,Young (<30)
58,41,Male,Martinique,32,Romance,94.0,54,14,Afternoon,3.5,Middle (30-50)
59,61,Male,Cuba,1,Romance,63.55843870384224,51,11,Night,5.0,Senior (>50)
60,62,Male,Georgia,58,Romance,66.4187316976977,55,12,Morning,1.6517295250591613,Senior (>50)
61,59,Male,Fiji,56,Comedy,61.774710705224805,42,11,Night,4.348452639960204,Senior (>50)
62,24,Male,Bolivia,41,Comedy,340.37363333913294,51,11,Evening,3.382211180687678,Young (<30)
63,13,Female,Senegal,6,Action,89.26949297077341,46,13,Afternoon,1.9317591410903143,Young (<30)
64,48,Male,Paraguay,1,Drama,56.0,48,8,Evening,3.1,Middle (30-50)
65,56,Female,Yemen,14,Comedy,148.78204708272887,48,7,Morning,1.918361047532105,Senior (>50)
66,21,Female,Gabon,26,Horror,268.4500644261095,47,7,Afternoon,4.51905353675306,Young (<30)
67,25,Male,Cocos (Keeling) Islands,40,Romance,33.99613721424331,64,7,Evening,1.9607573178813664,Young (<30)
68,53,Female,Mozambique,8,Comedy,151.8713650700197,55,12,Morning,4.551757495342032,Senior (>50)
69,29,Male,Pitcairn Islands,35,Drama,173.77547396413556,62,12,Night,3.118191569344598,Young (<30)
70,48,Male,South Africa,36,Romance,125.0,48,7,Evening,2.1,Middle (30-50)
71,13,Male,Moldova,32,Drama,183.2146453440128,43,8,Night,2.984668069070662,Young (<30)
72,25,Male,Eritrea,56,Drama,167.70616596285586,53,5,Night,5.0,Young (<30)
73,46,Male,Tanzania,3,Comedy,123.0,43,6,Afternoon,4.0,Middle (30-50)
74,64,Female,Singapore,10,Drama,132.639223518452,50,9,Afternoon,3.8832637641740955,Senior (>50)
75,55,Male,Philippines,49,Drama,100.88898062018167,51,8,Night,2.842176298057461,Senior (>50)
76,41,Male,Tuvalu,19,Horror,184.63370402968474,54,12,Afternoon,1.5,Middle (30-50)
77,26,Female,North Macedonia,45,Comedy,212.72146428291748,48,11,Afternoon,2.402687399395661,Young (<30)
78,17,Male,Kazakhstan,32,Drama,43.300594167797605,43,6,Morning,1.3110333167711545,Young (<30)
79,22,Female,Cook Islands,8,Action,63.69736645937698,46,9,Evening,1.0594387634338824,Young (<30)
80,59,Female,United States Minor Outlying Islands,49,Romance,136.8174920800842,59,12,Evening,3.0225301188130125,Senior (>50)
81,13,Female,Guadeloupe,49,Drama,49.873443343390406,64,11,Afternoon,3.347950644679818,Young (<30)
82,17,Male,Liberia,10,Comedy,71.51167713093767,39,7,Evening,3.2593126783601853,Young (<30)
83,55,Female,Honduras,36,Horror,133.5187262013027,58,5,Afternoon,2.9902049801088624,Senior (>50)
84,60,Male,Bhutan,26,Romance,145.36990881508063,45,7,Night,2.773567150609048,Senior (>50)
85,36,Male,Barbados,27,Romance,128.0,54,9,Afternoon,4.5,Middle (30-50)
86,21,Female,Angola,20,Comedy,158.54269657597263,49,9,Evening,3.5010620436741884,Young (<30)
87,28,Female,Belarus,34,Drama,98.21692498948507,52,8,Night,2.7998146699176405,Young (<30)
88,56,Male,Gabon,17,Romance,82.66600829470123,42,5,Night,1.8222900307392051,Senior (>50)
89,46,Male,North Macedonia,16,Comedy,37.0,51,10,Evening,3.0,Middle (30-50)
90,18,Female,Tonga,1,Drama,140.76426945064026,53,9,Evening,3.24770867960769,Young (<30)
91,31,Male,Paraguay,40,Romance,19.0,58,15,Afternoon,4.184476642348987,Middle (30-50)
92,55,Female,Norfolk Island,36,Comedy,133.85424309019277,41,7,Afternoon,2.8574247432635906,Senior (>50)
93,63,Male,Antigua and Barbuda,15,Action,195.7701155387278,44,16,Afternoon,1.823589289177268,Senior (>50)
94,47,Male,Greece,30,Drama,111.0,46,14,Evening,3.0,Middle (30-50)
95,50,Female,French Guiana,50,Horror,127.0,58,5,Night,2.2739764440661885,Middle (30-50)
96,60,Male,Portugal,23,Action,196.6287175038729,40,10,Afternoon,1.9734529777014362,Senior (>50)
97,27,Male,Croatia,47,Horror,27.334614640053083,53,11,Evening,3.63049011988294,Young (<30)
98,40,Male,Christmas Island,14,Comedy,93.0,46,4,Evening,3.5,Middle (30-50)
99,20,Male,Hong Kong,39,Comedy,159.1883279445984,68,12,Afternoon,2.1173219857833145,Young (<30)
100,36,Male,Germany,39,Romance,140.0,57,6,Evening,3.747625800545294,Middle (30-50)
101,15,Male,Botswana,34,Action,207.03253220007417,48,11,Afternoon,1.0,Young (<30)
102,64,Female,Mauritania,50,Drama,1.0330761786346727,47,11,Morning,5.0,Senior (>50)
103,30,Male,Uganda,44,Drama,27.0,61,14,Morning,2.5939889062614836,Middle (30-50)
104,14,Male,Swaziland,6,Horror,179.61979812806905,42,15,Evening,1.0,Young (<30)
105,54,Female,Taiwan,51,Drama,53.65182777162277,62,7,Morning,5.0,Senior (>50)
106,63,Male,Mexico,49,Horror,111.39248825477786,61,10,Afternoon,5.0,Senior (>50)
107,60,Male,French Guiana,9,Horror,90.70212562332986,54,12,Night,3.663075865168159,Senior (>50)
108,53,Female,Suriname,4,Drama,161.20569030269573,50,9,Night,5.0,Senior (>50)
109,25,Female,Armenia,38,Drama,94.41144870959401,63,4,Morning,3.7187211015055004,Young (<30)
110,19,Female,Kazakhstan,7,Drama,55.97071285107437,55,6,Evening,3.3929130981373152,Young (<30)
111,56,Male,Malaysia,14,Comedy,51.822997835446316,56,17,Evening,2.7167528703766304,Senior (>50)
112,54,Male,United States Minor Outlying Islands,42,Action,95.75089691172359,44,11,Morning,4.403326914113397,Senior (>50)
113,43,Male,Guatemala,39,Drama,45.0,45,6,Evening,1.4859936560781886,Middle (30-50)
114,64,Female,Uganda,26,Horror,27.583976053612403,48,7,Afternoon,5.0,Senior (>50)
115,58,Male,Spain,15,Action,17.23078942394885,45,12,Morning,4.711320117387296,Senior (>50)
116,42,Female,Peru,2,Action,57.0,70,7,Afternoon,4.0,Middle (30-50)
117,50,Female,Bolivia,46,Action,245.0,42,12,Night,4.893338087178068,Middle (30-50)
118,60,Female,United States of America,25,Action,137.01745820874348,46,12,Morning,2.5358595267218607,Senior (>50)
119,39,Female,Canada,7,Action,189.0,43,10,Afternoon,3.5,Middle (30-50)
120,27,Male,Tajikistan,45,Romance,209.67742966038114,62,8,Night,1.2888887533410094,Young (<30)
121,32,Female,Iran,60,Comedy,110.0,50,11,Morning,4.225814949002589,Middle (30-50)
122,38,Male,Greenland,24,Action,219.26433686078045,50,14,Evening,2.1,Middle (30-50)
123,53,Female,Venezuela,35,Drama,87.56050137887902,48,7,Night,4.9363403933759615,Senior (>50)
124,19,Female,Northern Mariana Islands,29,Drama,123.0806865612638,53,12,Evening,3.2697957504623862,Young (<30)
125,53,Male,Christmas Island,45,Romance,185.8809698555928,70,11,Evening,4.517143007343002,Senior (>50)
126,68,Female,Somalia,56,Comedy,236.1482306852363,63,9,Evening,3.990275227218077,Senior (>50)
127,33,Male,Libyan Arab Jamahiriya,34,Romance,90.0,57,7,Afternoon,3.9,Middle (30-50)
128,42,Female,Cyprus,1,Action,63.0,51,10,Morning,3.7,Middle (30-50)
129,16,Female,Russian Federation,52,Horror,182.15837466600672,49,10,Morning,3.8788759214740964,Young (<30)
130,38,Female,Libyan Arab Jamahiriya,37,Comedy,127.0,42,10,Afternoon,4.579590382114063,Middle (30-50)
131,18,Female,Micronesia,16,Drama,40.35588176113319,46,4,Evening,2.3573096782729093,Young (<30)
132,61,Male,Latvia,42,Comedy,86.52053230525749,44,13,Evening,5.0,Senior (>50)
133,54,Female,Singapore,59,Romance,187.5693364910377,64,13,Morning,1.9101629011743844,Senior (>50)
134,57,Female,Jersey,25,Romance,142.62321564156053,43,9,Afternoon,3.851312160096989,Senior (>50)
135,43,Male,Palau,40,Comedy,198.0,42,10,Morning,5.0,Middle (30-50)
136,38,Male,Guernsey,57,Horror,255.60638794026562,48,11,Afternoon,1.2379534473400438,Middle (30-50)
137,68,Female,France,40,Romance,92.07484974640153,59,8,Night,5.0,Senior (>50)
138,30,Female,Iceland,54,Romance,93.0,55,9,Evening,4.109595667824293,Middle (30-50)
139,36,Male,Russian Federation,5,Drama,8.0,50,12,Morning,1.5,Middle (30-50)
140,43,Male,Burundi,31,Horror,163.01724368134487,55,14,Evening,4.3,Middle (30-50)
141,18,Male,Belize,54,Romance,78.69040818265447,55,10,Morning,4.4806953006068255,Young (<30)
142,49,Male,Mali,3,Action,137.50692110977698,60,11,Morning,4.6,Middle (30-50)
143,54,Male,Morocco,5,Comedy,82.89622632722649,53,16,Night,1.316728549616153,Senior (>50)
144,39,Male,Ukraine,12,Drama,113.0,73,9,Night,4.4,Middle (30-50)
145,56,Female,Ghana,31,Horror,139.81781742757883,50,10,Night,2.473309706132864,Senior (>50)
146,65,Female,Niue,7,Drama,172.28573589642536,59,6,Afternoon,4.585263687441414,Senior (>50)
147,59,Female,Yemen,31,Romance,57.32750583567852,51,10,Afternoon,4.328815508452461,Senior (>50)
148,26,Female,Bosnia and Herzegovina,53,Action,142.97899494765852,51,8,Night,1.2037464768415564,Young (<30)
149,56,Female,Anguilla,36,Action,77.76842983768023,41,10,Evening,1.960019784986792,Senior (>50)
150,58,Female,Cote d'Ivoire,3,Horror,86.34710523282945,41,11,Afternoon,1.505207320982377,Senior (>50)
151,37,Female,Germany,54,Horror,249.0,58,7,Night,4.325932131076388,Middle (30-50)
152,26,Male,Mauritius,35,Drama,136.5314911203563,64,12,Evening,2.010631132563867,Young (<30)
153,21,Female,Pakistan,46,Romance,204.14031423616973,46,6,Night,2.426441392678874,Young (<30)
154,18,Female,Liberia,18,Romance,124.46949512723394,44,9,Evening,4.2401263211579,Young (<30)
155,53,Male,India,9,Drama,85.37499931191545,47,15,Morning,2.671086325466952,Senior (>50)
156,36,Female,Latvia,22,Horror,200.0,50,14,Night,3.6,Middle (30-50)
157,23,Male,Georgia,14,Drama,19.129324308682072,47,11,Morning,2.059077097899782,Young (<30)
158,15,Female,Japan,34,Action,191.88259198235002,42,11,Night,3.7408068235892302,Young (<30)
159,52,Female,Singapore,11,Drama,128.87053936468556,52,4,Evening,5.0,Senior (>50)
160,61,Female,Guatemala,45,Comedy,168.09568947368516,56,13,Afternoon,3.2379918868789574,Senior (>50)
161,23,Female,Tuvalu,40,Action,137.62402905759345,57,13,Evening,4.690399255925021,Young (<30)
162,61,Female,Cocos (Keeling) Islands,8,Comedy,95.34011634456803,50,17,Evening,3.910157727726671,Senior (>50)
163,31,Male,India,13,Romance,88.0,46,6,Afternoon,2.9,Middle (30-50)
164,58,Female,Oman,24,Drama,109.78800512286178,62,9,Evening,1.8330155772959988,Senior (>50)
165,62,Male,Saint Barthelemy,41,Action,128.2045179129672,62,13,Evening,3.302424687347332,Senior (>50)
166,42,Male,Iceland,11,Comedy,130.0,58,7,Morning,2.9,Middle (30-50)
167,44,Male,Oman,12,Horror,201.09065337948445,46,10,Morning,3.1,Middle (30-50)
168,27,Male,Guernsey,3,Horror,177.3777321859822,38,9,Morning,2.847507259304308,Young (<30)
169,31,Male,Bhutan,2,Horror,285.08969784208375,43,10,Night,3.2,Middle (30-50)
170,55,Female,United States of America,57,Horror,24.268396281487025,57,10,Evening,4.065841831211767,Senior (>50)
171,20,Male,Tokelau,43,Comedy,166.75124192563854,66,16,Night,3.2261802067968315,Young (<30)
172,15,Male,Canada,1,Horror,89.02709154149784,66,10,Evening,4.210339839224964,Young (<30)
173,58,Female,Peru,32,Drama,222.70053633771835,42,14,Morning,1.4182719423616734,Senior (>50)
174,24,Male,Cuba,32,Horror,198.64716544527283,59,9,Night,3.8532545170101393,Young (<30)
175,15,Female,Austria,21,Romance,65.95068667735592,64,10,Evening,2.387867795101062,Young (<30)
176,49,Male,United States Minor Outlying Islands,31,Comedy,73.0,48,5,Evening,1.6,Middle (30-50)
177,44,Female,Norway,18,Comedy,152.0,45,9,Morning,5.0,Middle (30-50)
178,39,Female,Fiji,57,Drama,99.0,60,11,Morning,5.0,Middle (30-50)
179,35,Female,Honduras,16,Comedy,0.0,48,11,Evening,3.1,Middle (30-50)
180,34,Male,Bermuda,32,Action,120.2381314528992,49,8,Morning,3.9,Middle (30-50)
181,55,Male,Iraq,6,Comedy,29.700237063454765,50,6,Afternoon,2.495180992600362,Senior (>50)
182,40,Male,Russian Federation,6,Comedy,172.0,40,12,Afternoon,4.6,Middle (30-50)
183,44,Female,Cambodia,6,Romance,52.0,38,7,Afternoon,5.0,Middle (30-50)
184,61,Female,Malaysia,55,Drama,163.11739976070908,57,5,Morning,5.0,Senior (>50)
185,48,Male,Kazakhstan,28,Drama,148.0,44,8,Afternoon,4.5,Middle (30-50)
186,66,Female,Azerbaijan,44,Horror,104.09198442734623,72,14,Evening,5.0,Senior (>50)
187,43,Female,Luxembourg,42,Romance,154.0,56,7,Morning,3.7680962016378174,Middle (30-50)
188,25,Female,Guyana,14,Comedy,205.44793555404124,39,9,Morning,3.3397459726290983,Young (<30)
189,52,Female,Papua New Guinea,14,Drama,120.93002787870573,37,14,Morning,2.768508617072707,Senior (>50)
190,27,Female,United Arab Emirates,28,Horror,8.925188281368033,68,7,Morning,1.0284711451618125,Young (<30)
191,15,Male,Hungary,40,Romance,153.69830990199864,61,12,Night,1.8164230320743293,Young (<30)
192,67,Male,Czech Republic,14,Romance,52.879580290702606,52,10,Afternoon,5.0,Senior (>50)
193,69,Female,Congo,1,Romance,141.21761968755712,49,11,Evening,2.858484539109819,Senior (>50)
194,18,Male,Holy See (Vatican City State),39,Horror,159.77011324970937,44,4,Night,4.915079675767582,Young (<30)
195,35,Male,Sudan,43,Comedy,104.0,52,10,Afternoon,4.347458112257827,Middle (30-50)
196,69,Female,Burkina Faso,19,Horror,187.88648413361537,56,12,Evening,4.788940746596965,Senior (>50)
197,57,Female,Belarus,16,Comedy,85.88572502183064,46,7,Morning,4.19802440418585,Senior (>50)
198,65,Male,Portugal,54,Comedy,23.499372453713054,45,14,Night,5.0,Senior (>50)
199,35,Male,Equatorial Guinea,12,Action,95.93210232716103,42,15,Night,3.7,Middle (30-50)
200,43,Female,Mali,25,Horror,115.0,47,11,Afternoon,4.4,Middle (30-50)
201,59,Male,Pakistan,53,Action,161.6749410911923,62,12,Evening,2.0960290711266483,Senior (>50)
202,70,Male,Argentina,37,Horror,79.7533221929066,56,8,Night,4.214222812987784,Senior (>50)
203,36,Female,Zambia,23,Horror,175.0,43,10,Afternoon,1.7,Middle (30-50)
204,54,Male,American Samoa,4,Comedy,95.3332758483253,62,16,Morning,2.8664318742001886,Senior (>50)
205,46,Male,Gibraltar,22,Romance,56.0,41,7,Morning,2.4,Middle (30-50)
206,63,Female,Gambia,23,Action,190.40857867827708,62,15,Evening,3.138613505237497,Senior (>50)
207,33,Female,Saudi Arabia,3,Horror,115.0,53,10,Morning,4.9,Middle (30-50)
208,35,Female,Singapore,40,Drama,103.0,51,6,Afternoon,3.293730794268004,Middle (30-50)
209,40,Male,Guernsey,57,Horror,123.27113277901094,53,14,Evening,3.182749544596855,Middle (30-50)
210,68,Female,Chile,28,Horror,9.507601663913423,50,15,Evening,3.1099310464266643,Senior (>50)
211,64,Female,Norfolk Island,47,Drama,38.300401668423376,49,10,Evening,5.0,Senior (>50)
212,52,Male,Tokelau,4,Comedy,134.06858699110083,64,5,Afternoon,3.9797280997425157,Senior (>50)
213,39,Female,American Samoa,55,Horror,113.0,47,10,Evening,4.58576717364728,Middle (30-50)
214,39,Female,Greece,41,Action,58.0,55,13,Night,2.9521046588782984,Middle (30-50)
215,55,Male,Madagascar,41,Horror,138.46826923180154,55,13,Evening,4.282529138771962,Senior (>50)
216,58,Male,Afghanistan,54,Horror,134.61945785637423,67,12,Morning,3.9797947959500726,Senior (>50)
217,69,Female,Saint Lucia,26,Horror,83.95570339345612,48,13,Night,5.0,Senior (>50)
218,14,Male,Solomon Islands,33,Romance,88.39148195226777,51,15,Night,3.713846114451854,Young (<30)
219,54,Female,Indonesia,58,Drama,-0.8390921554803166,53,6,Afternoon,1.8019537298533268,Senior (>50)
220,46,Female,Puerto Rico,27,Romance,74.0,67,10,Morning,3.91586173141041,Middle (30-50)
221,49,Female,Holy See (Vatican City State),29,Action,195.0,42,10,Night,3.6,Middle (30-50)
222,65,Female,Burkina Faso,54,Drama,141.90975600664163,48,11,Night,3.3786249896073577,Senior (>50)
223,33,Male,Sri Lanka,20,Drama,135.0,46,11,Night,4.5,Middle (30-50)
224,65,Male,Italy,43,Comedy,84.68454365986149,51,10,Evening,3.3741235041464988,Senior (>50)
225,40,Female,Belize,32,Comedy,169.0,52,13,Night,3.3,Middle (30-50)
226,49,Male,Taiwan,8,Horror,176.6153881345773,46,9,Evening,4.1,Middle (30-50)
227,50,Male,Netherlands,42,Comedy,188.0,46,9,Night,2.4169494416492796,Middle (30-50)
228,17,Male,Korea,6,Romance,269.68864826027755,63,11,Evening,2.1100212717573803,Young (<30)
229,40,Female,Spain,55,Action,82.0,58,10,Night,1.2652553184457263,Middle (30-50)
230,22,Female,Samoa,17,Comedy,153.51612292190916,49,11,Afternoon,3.146393360289729,Young (<30)
231,31,Male,China,1,Action,77.77416331834986,51,16,Night,3.3,Middle (30-50)
232,21,Male,United States Virgin Islands,14,Horror,210.1022367912382,45,7,Night,1.0,Young (<30)
233,62,Female,Austria,45,Romance,63.14086386405169,56,11,Night,1.8082896763375833,Senior (>50)
234,17,Female,Chad,58,Romance,125.273815355132,56,8,Night,5.0,Young (<30)
235,55,Male,Peru,47,Drama,7.622940253979449,50,13,Afternoon,5.0,Senior (>50)
236,22,Male,Norfolk Island,52,Romance,152.18689956662058,51,6,Evening,1.0712901921602993,Young (<30)
237,30,Male,Belgium,30,Drama,102.0,46,5,Night,2.1,Middle (30-50)
238,62,Female,Turkmenistan,49,Drama,109.18045912698906,58,5,Evening,3.541087142365076,Senior (>50)
239,31,Male,Norway,47,Drama,95.0,53,8,Night,5.0,Middle (30-50)
240,32,Male,Saudi Arabia,32,Comedy,103.0,48,18,Night,3.6,Middle (30-50)
241,58,Female,Mozambique,53,Romance,60.95165792141353,62,13,Night,5.0,Senior (>50)
242,67,Female,Mayotte,30,Action,51.385176172355756,56,9,Morning,2.1535203684315354,Senior (>50)
243,37,Male,Mozambique,34,Comedy,85.0,48,11,Evening,2.8,Middle (30-50)
244,63,Female,Denmark,57,Comedy,128.48794225605243,56,4,Morning,5.0,Senior (>50)
245,16,Male,Turkey,10,Romance,186.11261866452253,39,13,Afternoon,1.3705969054127733,Young (<30)
246,23,Female,Barbados,40,Action,185.66215975536457,49,8,Evening,4.979013059103948,Young (<30)
247,47,Female,Cyprus,48,Horror,96.0,56,12,Afternoon,5.0,Middle (30-50)
248,32,Male,United States Minor Outlying Islands,7,Comedy,139.0,50,12,Night,4.6,Middle (30-50)
249,20,Female,Moldova,41,Horror,29.618114009065632,66,6,Evening,1.4810525153471312,Young (<30)
250,36,Male,Anguilla,1,Horror,70.40722747253052,45,10,Morning,3.3,Middle (30-50)
251,30,Female,Belize,35,Romance,74.0,64,11,Morning,2.4572173108905018,Middle (30-50)
252,64,Male,Taiwan,53,Horror,65.69045095171433,45,16,Morning,1.2980365682576114,Senior (>50)
253,59,Female,Kazakhstan,23,Drama,190.8054771337987,42,11,Night,3.5802648642883463,Senior (>50)
254,31,Female,Austria,47,Comedy,106.0,51,11,Afternoon,4.578061345867465,Middle (30-50)
255,29,Female,Swaziland,51,Horror,192.42009267190286,53,11,Night,4.101836589667431,Young (<30)
256,42,Female,Montserrat,50,Drama,3.0,48,14,Night,4.860976053725718,Middle (30-50)
257,19,Female,Christmas Island,49,Drama,106.50313600839581,57,5,Night,5.0,Young (<30)
258,70,Female,Honduras,17,Action,129.20077689770176,44,10,Night,2.1316359461024827,Senior (>50)
259,40,Female,Kiribati,20,Drama,244.0,51,10,Night,1.6239490459165415,Middle (30-50)
260,42,Female,Japan,46,Drama,139.0,61,7,Afternoon,5.0,Middle (30-50)
261,33,Female,Grenada,53,Action,175.0,60,9,Evening,5.0,Middle (30-50)
262,14,Female,Romania,33,Romance,112.53987120442008,43,10,Evening,3.1812364287351342,Young (<30)
263,29,Male,Germany,56,Romance,57.45304130923192,49,5,Afternoon,4.3000504983271455,Young (<30)
264,19,Male,Ireland,6,Romance,54.55842977233912,54,6,Night,2.42380939005816,Young (<30)
265,61,Female,Saint Vincent and the Grenadines,32,Action,48.76571905757842,41,9,Afternoon,4.864188795697784,Senior (>50)
266,57,Male,Brunei Darussalam,36,Comedy,86.74283896196783,56,5,Night,5.0,Senior (>50)
267,32,Female,Swaziland,29,Action,45.0,38,10,Morning,2.5,Middle (30-50)
268,69,Female,Bhutan,23,Romance,54.050733234870826,38,12,Afternoon,2.2675825475627733,Senior (>50)
269,37,Male,Malta,27,Drama,23.0,57,12,Morning,4.8,Middle (30-50)
270,45,Male,Japan,31,Comedy,87.0,49,7,Morning,1.4,Middle (30-50)
271,54,Male,Tokelau,43,Comedy,159.7109429318269,61,10,Morning,5.0,Senior (>50)
272,50,Female,French Southern Territories,36,Horror,131.0,63,9,Night,3.3,Middle (30-50)
273,69,Female,Martinique,54,Romance,34.971618771400586,50,11,Evening,2.948943563248198,Senior (>50)
274,14,Male,Malta,13,Drama,115.6273155293983,43,12,Morning,1.3983795787876314,Young (<30)
275,35,Male,Lao People's Democratic Republic,54,Action,156.85940031033223,66,3,Afternoon,2.996820740478271,Middle (30-50)
276,31,Male,Afghanistan,50,Romance,133.0,59,11,Afternoon,3.175724620287872,Middle (30-50)
277,55,Female,Costa Rica,42,Romance,183.90798701640665,52,5,Afternoon,3.8055705217118887,Senior (>50)
278,29,Female,Bhutan,6,Action,74.94126763935512,58,14,Evening,1.1589095582300695,Young (<30)
279,68,Male,Tonga,7,Romance,59.20078455188758,45,8,Night,3.598324117540472,Senior (>50)
280,57,Male,Palau,5,Drama,126.12101995342452,52,8,Morning,2.9453938267187896,Senior (>50)
281,56,Male,Algeria,33,Comedy,26.565569064987464,56,13,Morning,1.8825511001686717,Senior (>50)
282,47,Female,Guinea,24,Romance,66.0,50,9,Afternoon,3.267906463318884,Middle (30-50)
283,34,Female,Bhutan,33,Romance,68.0,62,9,Evening,1.916803818229149,Middle (30-50)
284,50,Female,Grenada,42,Action,131.0,57,13,Afternoon,5.0,Middle (30-50)
285,39,Female,Senegal,55,Horror,67.0,55,11,Afternoon,4.086827467759269,Middle (30-50)
286,25,Female,Syrian Arab Republic,46,Action,163.41158306909418,74,7,Evening,2.808951333077963,Young (<30)
287,32,Male,Niger,28,Horror,170.74780858083545,47,8,Morning,4.6,Middle (30-50)
288,48,Male,Bahamas,19,Action,187.22442378332792,51,5,Evening,4.7,Middle (30-50)
289,61,Female,Lesotho,20,Romance,165.3852961378929,56,10,Morning,4.242017372431561,Senior (>50)
290,30,Female,Bahamas,9,Drama,123.0,41,11,Night,1.915768637500087,Middle (30-50)
291,33,Male,Chile,23,Drama,126.0,57,4,Evening,1.2,Middle (30-50)
292,20,Female,Mauritius,12,Action,129.2002939732269,41,12,Morning,1.0,Young (<30)
293,35,Male,Korea,12,Comedy,125.0,49,8,Afternoon,4.6,Middle (30-50)
294,57,Female,Liechtenstein,41,Action,146.05876084996524,61,6,Afternoon,5.0,Senior (>50)
295,70,Male,Wallis and Futuna,54,Romance,50.27943511885666,55,8,Morning,2.711156355578306,Senior (>50)
296,20,Male,Sudan,40,Comedy,127.24386814970923,42,6,Morning,1.591287887177705,Young (<30)
297,69,Female,Russian Federation,39,Drama,67.74648656771319,66,15,Night,2.520136010396409,Senior (>50)
298,56,Male,Bouvet Island (Bouvetoya),54,Drama,104.15631004533769,60,6,Night,2.567188634234964,Senior (>50)
299,40,Male,Sudan,23,Comedy,75.0,50,16,Afternoon,3.4,Middle (30-50)
300,23,Male,Kyrgyz Republic,7,Horror,85.00921538980347,51,9,Afternoon,1.0872483057778073,Young (<30)
301,64,Male,Ireland,39,Comedy,40.35467038499467,38,10,Evening,5.0,Senior (>50)
302,44,Female,Kazakhstan,49,Drama,176.0,56,14,Afternoon,3.542867020156838,Middle (30-50)
303,50,Female,Switzerland,11,Comedy,129.0,61,5,Afternoon,1.6,Middle (30-50)
304,27,Female,Cambodia,37,Horror,22.852360381696357,57,6,Morning,3.1090772246016827,Young (<30)
305,27,Female,Zambia,58,Drama,174.42082275506698,63,6,Morning,3.744952917995137,Young (<30)
306,25,Male,Tokelau,12,Romance,71.43366606698785,38,9,Night,3.9490397532965194,Young (<30)
307,34,Male,China,14,Drama,47.0,37,21,Morning,4.5,Middle (30-50)
308,34,Male,Comoros,44,Action,133.97244392957734,62,5,Night,2.523375943106375,Middle (30-50)
309,22,Female,Saint Kitts and Nevis,15,Horror,60.31285610358363,53,7,Night,2.16156085523176,Young (<30)
310,46,Male,Bhutan,30,Drama,0.0,42,10,Evening,1.3,Middle (30-50)
311,13,Female,Faroe Islands,9,Action,151.5032889209646,57,7,Morning,2.200127924021433,Young (<30)
312,61,Female,Cook Islands,10,Action,125.1730152365642,53,11,Morning,3.809067484214404,Senior (>50)
313,43,Female,Barbados,49,Romance,158.0,46,6,Night,4.646352427419679,Middle (30-50)
314,27,Female,Malawi,54,Action,99.40858493476256,52,10,Afternoon,3.2886686803256118,Young (<30)
315,19,Female,China,38,Action,259.8217368437394,57,13,Afternoon,3.48033279548938,Young (<30)
316,54,Male,Malawi,43,Horror,200.08356516781438,57,8,Evening,3.554896613482621,Senior (>50)
317,29,Male,Turkmenistan,13,Drama,173.78210254543924,53,12,Night,2.3623093694762805,Young (<30)
318,13,Male,Netherlands Antilles,20,Drama,170.02152973962416,38,7,Morning,2.094923770490375,Young (<30)
319,24,Male,Cuba,58,Drama,82.78174445433591,60,11,Evening,3.8894137490160827,Young (<30)
320,60,Female,Niue,54,Romance,89.4718191566842,57,8,Afternoon,4.646674450398024,Senior (>50)
321,39,Male,Montserrat,33,Drama,196.0,53,11,Afternoon,2.3,Middle (30-50)
322,70,Male,Saudi Arabia,60,Action,265.8724358037312,66,7,Afternoon,4.017990597060397,Senior (>50)
323,16,Male,Costa Rica,50,Romance,84.3189583925429,46,8,Afternoon,4.12148515676224,Young (<30)
324,32,Male,Nigeria,10,Drama,118.0,46,12,Morning,4.7,Middle (30-50)
325,14,Male,Honduras,29,Comedy,159.68411873693339,34,5,Night,1.4934909583495353,Young (<30)
326,47,Male,Iran,59,Horror,101.74422084071371,44,7,Afternoon,2.8577577624495922,Middle (30-50)
327,49,Female,Saudi Arabia,50,Action,144.0,49,7,Evening,3.6777218597620434,Middle (30-50)
328,37,Male,Russian Federation,17,Comedy,97.0,46,9,Evening,2.0,Middle (30-50)
329,18,Female,Pakistan,37,Comedy,80.00135786169277,53,13,Afternoon,1.8261030985250701,Young (<30)
330,56,Female,Colombia,44,Action,118.53961898825551,52,10,Night,5.0,Senior (>50)
331,56,Female,Guyana,15,Drama,85.54811613150744,53,4,Afternoon,2.9929417319377323,Senior (>50)
332,50,Female,Guatemala,11,Comedy,115.0,44,9,Night,1.1,Middle (30-50)
333,64,Male,Taiwan,58,Comedy,141.48764923483324,53,9,Evening,2.0188753699261643,Senior (>50)
334,32,Female,Bouvet Island (Bouvetoya),50,Romance,21.0,45,11,Morning,4.001522033201432,Middle (30-50)
335,31,Female,Bhutan,51,Romance,101.0,79,9,Afternoon,5.0,Middle (30-50)
336,40,Male,Kuwait,38,Comedy,206.0,63,5,Afternoon,1.2818702832115083,Middle (30-50)
337,38,Female,South Africa,44,Horror,128.0,42,9,Morning,4.726936239814825,Middle (30-50)
338,44,Female,Ghana,10,Horror,275.0,46,5,Night,1.5,Middle (30-50)
339,35,Female,Mauritania,17,Comedy,94.0,43,8,Evening,2.9,Middle (30-50)
340,14,Male,Serbia,35,Horror,152.98592703129188,62,4,Night,1.5248688328326796,Young (<30)
341,46,Female,Equatorial Guinea,35,Action,199.0,37,12,Afternoon,3.3,Middle (30-50)
342,14,Female,Mayotte,55,Comedy,156.2829363409694,56,14,Afternoon,1.5957825092542437,Young (<30)
343,51,Male,Grenada,3,Romance,54.293474131589804,54,11,Evening,1.2901998948923539,Senior (>50)
344,67,Male,Saint Kitts and Nevis,49,Action,127.31124418359093,46,11,Morning,1.6589441462144627,Senior (>50)
345,35,Female,South Africa,18,Comedy,89.0,43,6,Afternoon,3.4,Middle (30-50)
346,70,Female,Togo,51,Drama,162.3584097830845,45,11,Night,5.0,Senior (>50)
347,51,Female,Canada,39,Romance,33.721322504766164,52,14,Night,5.0,Senior (>50)
348,27,Male,Syrian Arab Republic,9,Comedy,178.5454867687696,46,7,Morning,1.8213325682546695,Young (<30)
349,35,Male,United Kingdom,9,Horror,228.10220616815,46,8,Evening,2.7,Middle (30-50)
350,43,Male,Jamaica,27,Action,197.55542977257127,43,13,Night,1.0,Middle (30-50)
351,58,Male,Kiribati,12,Romance,43.814956876380435,49,12,Night,1.6059116501239517,Senior (>50)
352,17,Male,Martinique,1,Action,14.878583513775364,63,11,Afternoon,4.120359289603541,Young (<30)
353,60,Male,Tuvalu,11,Horror,115.94455358321277,33,9,Morning,3.867649784732904,Senior (>50)
354,67,Male,Syrian Arab Republic,3,Horror,133.8275027433653,50,6,Afternoon,3.830995133501127,Senior (>50)
355,47,Female,Colombia,18,Romance,54.0,43,11,Afternoon,2.0295213314255487,Middle (30-50)
356,43,Female,Guernsey,43,Drama,90.0,42,11,Afternoon,1.8868874348672677,Middle (30-50)
357,39,Male,Ghana,14,Drama,125.0,61,13,Morning,2.0,Middle (30-50)
358,63,Female,Northern Mariana Islands,53,Drama,47.3769230851821,56,6,Afternoon,1.5408061980334282,Senior (>50)
359,23,Female,Pitcairn Islands,34,Action,139.363645117953,41,9,Morning,3.7690236599462583,Young (<30)
360,66,Male,Italy,8,Drama,113.86052679057198,63,12,Morning,1.383668435941285,Senior (>50)
361,50,Female,Mauritius,29,Comedy,124.0,49,7,Evening,1.4,Middle (30-50)
362,45,Female,Palestinian Territory,39,Comedy,12.0,51,9,Afternoon,3.4681556925883084,Middle (30-50)
363,21,Male,Madagascar,53,Comedy,277.1695481578866,59,13,Morning,4.758257229630834,Young (<30)
364,58,Female,British Virgin Islands,27,Romance,152.93127828757397,51,13,Night,5.0,Senior (>50)
365,50,Female,Mali,18,Comedy,2.0,45,9,Afternoon,1.2,Middle (30-50)
366,57,Male,Thailand,47,Drama,117.40830531073007,52,7,Evening,1.4488447778485467,Senior (>50)
367,52,Male,Bouvet Island (Bouvetoya),49,Drama,110.1516156439731,56,12,Afternoon,5.0,Senior (>50)
368,43,Female,Czech Republic,21,Romance,146.0,54,12,Night,1.3445600423162356,Middle (30-50)
369,48,Female,Mongolia,52,Horror,129.0,52,9,Evening,2.002643647169156,Middle (30-50)
370,49,Female,Guadeloupe,52,Romance,27.0,55,8,Night,3.311723604657617,Middle (30-50)
371,34,Male,Zimbabwe,25,Comedy,117.0,66,15,Afternoon,4.8,Middle (30-50)
372,18,Female,Montenegro,12,Action,199.07475200924432,47,9,Morning,1.2471489666084101,Young (<30)
373,59,Male,Lithuania,14,Horror,152.5440983504969,50,6,Morning,2.013147760415411,Senior (>50)
374,21,Male,Maldives,9,Action,190.51138045785842,38,10,Night,2.13890240694428,Young (<30)
375,27,Female,Eritrea,41,Action,263.87926227055516,67,5,Morning,1.7679821082586284,Young (<30)
376,34,Male,Greenland,32,Horror,37.59445020365537,44,5,Afternoon,1.8,Middle (30-50)
377,52,Male,Barbados,57,Drama,113.96359368424656,41,13,Evening,3.3399329016078063,Senior (>50)
378,48,Female,Honduras,21,Drama,75.0,43,8,Afternoon,1.2542229807659293,Middle (30-50)
379,25,Male,Indonesia,6,Romance,143.67646131243245,55,9,Morning,3.035624166726346,Young (<30)
380,17,Female,Andorra,48,Horror,103.00996336568282,38,7,Afternoon,4.5488312430366395,Young (<30)
381,51,Male,Spain,46,Comedy,40.556884416228115,55,7,Night,5.0,Senior (>50)
382,54,Female,Malta,21,Comedy,52.65184804628703,48,9,Night,5.0,Senior (>50)
383,22,Male,Serbia,36,Action,91.74609445646601,55,9,Afternoon,1.564658975353038,Young (<30)
384,43,Male,Saudi Arabia,24,Horror,131.48759408007777,34,10,Afternoon,2.9,Middle (30-50)
385,62,Male,Samoa,27,Drama,178.94659900637646,57,9,Morning,2.4370099906288463,Senior (>50)
386,36,Male,Iceland,37,Action,121.54697586089671,60,8,Night,2.780690002561282,Middle (30-50)
387,33,Female,Uzbekistan,59,Action,20.0,68,9,Night,1.6192273085258833,Middle (30-50)
388,42,Female,Switzerland,2,Comedy,63.0,44,16,Night,4.6,Middle (30-50)
389,37,Male,Lebanon,25,Action,148.04607293099468,57,12,Night,3.5,Middle (30-50)
390,57,Female,Kuwait,9,Comedy,175.06002067907954,41,13,Morning,2.477845157623253,Senior (>50)
391,40,Female,Nepal,5,Romance,60.0,46,7,Afternoon,1.1775233187798566,Middle (30-50)
392,32,Female,Guyana,14,Romance,141.0,60,10,Night,3.0162694817687616,Middle (30-50)
393,42,Male,Togo,2,Action,121.61861675762125,52,15,Night,3.5,Middle (30-50)
394,42,Female,Netherlands Antilles,43,Comedy,119.0,48,6,Night,1.1781409837507169,Middle (30-50)
395,35,Male,Mexico,17,Romance,121.0,51,12,Afternoon,2.1,Middle (30-50)
396,18,Male,Israel,30,Drama,125.51211284364882,41,10,Afternoon,3.0275327738126996,Young (<30)
397,46,Female,Andorra,35,Comedy,246.0,38,8,Morning,4.7,Middle (30-50)
398,35,Male,Puerto Rico,45,Drama,284.0,55,13,Morning,3.422849437452249,Middle (30-50)
399,48,Female,Colombia,19,Romance,107.0,56,7,Morning,1.663864815899499,Middle (30-50)
400,16,Female,United States of America,39,Horror,89.65514046828827,52,12,Afternoon,4.8825007732097765,Young (<30)
401,18,Male,Mongolia,45,Comedy,114.60409176359289,60,7,Morning,3.2514374202213285,Young (<30)
402,60,Male,Puerto Rico,1,Drama,65.36472207612394,50,9,Morning,2.882472744793986,Senior (>50)
403,40,Female,Brunei Darussalam,24,Drama,151.0,45,10,Night,5.0,Middle (30-50)
404,56,Female,Chad,33,Romance,200.5855137176442,51,9,Morning,5.0,Senior (>50)
405,17,Female,Costa Rica,26,Comedy,145.19013627050236,51,8,Morning,2.0697505221801253,Young (<30)
406,42,Male,New Zealand,55,Romance,134.0,51,5,Night,1.991524316882888,Middle (30-50)
407,45,Female,Liechtenstein,18,Drama,137.0,54,11,Evening,1.6265034876222373,Middle (30-50)
408,48,Male,Singapore,37,Comedy,153.0,57,7,Morning,1.9353786741285217,Middle (30-50)
409,47,Male,Panama,54,Drama,138.0,60,12,Night,2.0427520419768523,Middle (30-50)
410,38,Male,Gambia,60,Action,136.35037436722268,41,10,Evening,4.785351363428453,Middle (30-50)
411,33,Male,British Indian Ocean Territory (Chagos Archipelago),16,Action,175.35642034750012,48,13,Morning,3.8,Middle (30-50)
412,69,Female,Tuvalu,59,Drama,45.59193552910603,48,6,Morning,3.2654352701555687,Senior (>50)
413,15,Female,Denmark,54,Romance,109.51620316190072,53,14,Afternoon,1.6264670694973111,Young (<30)
414,60,Female,Zimbabwe,18,Comedy,100.29783660567907,47,10,Night,5.0,Senior (>50)
415,57,Female,Sri Lanka,11,Comedy,81.91286105447548,50,11,Night,2.6970251877444484,Senior (>50)
416,14,Female,Guyana,34,Romance,50.6808569193435,40,15,Morning,1.0826420221710065,Young (<30)
417,45,Female,Argentina,50,Comedy,171.0,77,7,Night,3.7332584440749703,Middle (30-50)
418,32,Female,Qatar,18,Drama,149.0,38,8,Morning,1.1801291079116534,Middle (30-50)
419,27,Male,Macao,14,Romance,129.92038113867721,40,12,Morning,3.9901882772847705,Young (<30)
420,68,Female,Thailand,32,Horror,45.3795381454862,46,17,Night,3.5359431380122577,Senior (>50)
421,58,Female,Niger,1,Horror,109.14105063987982,58,10,Evening,4.384172460874479,Senior (>50)
422,17,Female,Nigeria,4,Horror,72.7829906918563,62,12,Morning,1.2756899625008846,Young (<30)
423,58,Female,Burundi,16,Drama,107.78031812713552,56,9,Morning,5.0,Senior (>50)
424,55,Female,Samoa,16,Drama,146.62720617029711,65,7,Morning,1.8143512110093365,Senior (>50)
425,52,Male,South Africa,10,Horror,172.92915058371258,47,11,Morning,3.233710523890701,Senior (>50)
426,26,Female,Spain,54,Horror,94.87286073040457,62,9,Morning,3.5474005705867073,Young (<30)
427,33,Female,Congo,28,Horror,195.0,53,7,Evening,1.5,Middle (30-50)
428,66,Male,Mali,9,Comedy,31.6643170571602,61,8,Night,4.107214497595398,Senior (>50)
429,66,Female,India,6,Drama,177.5106042579021,47,12,Afternoon,3.424539549432156,Senior (>50)
430,61,Male,Nepal,10,Drama,91.14964457280439,58,6,Morning,2.074344270401116,Senior (>50)
431,70,Female,Svalbard & Jan Mayen Islands,6,Romance,86.74024940058013,55,9,Afternoon,4.129025829596227,Senior (>50)
432,45,Female,Tunisia,2,Horror,106.0,56,7,Night,2.6,Middle (30-50)
433,50,Female,Ghana,7,Comedy,205.0,46,7,Afternoon,1.1,Middle (30-50)
434,51,Male,San Marino,50,Romance,116.10700582522804,49,14,Afternoon,3.4097516144044904,Senior (>50)
435,66,Female,Switzerland,8,Romance,158.62493887685807,43,10,Evening,4.948571206613587,Senior (>50)
436,20,Female,Nauru,18,Drama,2.190017148972032,49,15,Morning,1.1458168202384218,Young (<30)
437,16,Female,Azerbaijan,10,Comedy,86.20715733607655,42,10,Morning,1.9877374442020537,Young (<30)
438,57,Female,Netherlands Antilles,58,Action,120.96523914060248,53,3,Night,5.0,Senior (>50)
439,19,Male,Belgium,8,Drama,180.420199835654,51,9,Morning,2.2543226080104315,Young (<30)
440,20,Male,Afghanistan,40,Romance,174.3015614930031,55,3,Evening,3.536014567076136,Young (<30)
441,67,Female,Burkina Faso,15,Horror,173.95620668607665,67,7,Afternoon,2.3058269129449833,Senior (>50)
442,22,Male,Russian Federation,25,Horror,216.20662581631356,55,16,Evening,1.0,Young (<30)
443,24,Female,Turkey,32,Action,24.348671712836136,47,9,Night,3.179793693837939,Young (<30)
444,54,Female,Eritrea,52,Action,97.14361919963522,55,4,Evening,3.4265405834470872,Senior (>50)
445,24,Female,Zimbabwe,57,Horror,110.01516371662659,55,11,Evening,2.569759695283464,Young (<30)
446,68,Male,Dominican Republic,60,Romance,134.98920681367363,66,12,Morning,5.0,Senior (>50)
447,22,Female,Nicaragua,22,Action,106.09158079249087,45,16,Afternoon,2.143381220044142,Young (<30)
448,60,Female,Andorra,47,Drama,107.63980195764472,33,8,Night,3.239448376206009,Senior (>50)
449,15,Female,Hong Kong,24,Action,53.40645005937566,55,14,Afternoon,3.4945030744762624,Young (<30)
450,58,Male,Namibia,9,Comedy,101.16554290020828,48,7,Afternoon,4.01296634935682,Senior (>50)
451,33,Female,Macao,55,Romance,196.0,60,9,Morning,1.5747862347023476,Middle (30-50)
452,48,Male,Liberia,30,Horror,160.05463736345015,43,16,Evening,3.2,Middle (30-50)
453,24,Male,Russian Federation,46,Horror,166.50266557130004,50,11,Morning,3.5607072418938372,Young (<30)
454,48,Female,Qatar,5,Horror,248.0,62,7,Night,3.8,Middle (30-50)
455,52,Female,Mauritania,11,Comedy,220.02542994449405,44,13,Morning,3.7345619860077606,Senior (>50)
456,41,Male,India,24,Horror,190.50698247218517,46,9,Afternoon,5.0,Middle (30-50)
457,49,Female,Dominican Republic,29,Romance,61.0,57,8,Afternoon,3.7499998219019828,Middle (30-50)
458,16,Male,Macao,37,Romance,40.3853913582513,55,8,Morning,2.464751329469039,Young (<30)
459,67,Male,Burundi,39,Comedy,69.17668047961178,59,9,Evening,1.810074326305747,Senior (>50)
460,36,Female,Mozambique,56,Drama,157.0,53,9,Morning,2.9968206129326487,Middle (30-50)
461,53,Male,Northern Mariana Islands,36,Horror,99.8690031624113,42,6,Night,2.4364043732968215,Senior (>50)
462,33,Female,Mexico,3,Horror,160.0,57,12,Afternoon,4.4,Middle (30-50)
463,55,Female,Switzerland,50,Horror,2.377422806179669,60,10,Evening,1.3053365329302622,Senior (>50)
464,51,Female,El Salvador,11,Romance,162.16252801074288,49,9,Morning,5.0,Senior (>50)
465,19,Male,Vanuatu,46,Drama,162.34253361276166,68,8,Evening,2.2302122430255276,Young (<30)
466,15,Male,Russian Federation,13,Romance,137.25304921037485,56,13,Afternoon,1.1798925566235523,Young (<30)
467,49,Male,Haiti,46,Drama,308.0,55,9,Morning,4.675761259867373,Middle (30-50)
468,23,Male,Bhutan,3,Romance,207.30324901905743,49,12,Evening,1.3844806118687303,Young (<30)
469,57,Female,India,4,Action,181.28140713914235,46,7,Night,2.9725548622398836,Senior (>50)
470,60,Female,Guadeloupe,58,Action,125.11732666502702,58,3,Afternoon,3.9422185328095214,Senior (>50)
471,47,Female,Wallis and Futuna,23,Action,125.0,44,4,Morning,3.7,Middle (30-50)
472,30,Female,South Africa,51,Horror,133.0,50,8,Evening,2.7570411965641646,Middle (30-50)
473,20,Male,Fiji,19,Drama,122.87400896463171,49,9,Night,3.5514448149084683,Young (<30)
474,50,Female,India,40,Romance,145.0,47,8,Morning,2.7354219966547606,Middle (30-50)
475,41,Female,Gambia,30,Horror,128.0,45,7,Evening,3.5,Middle (30-50)
476,18,Male,Guatemala,24,Action,129.06556461358124,56,15,Afternoon,3.457298626158796,Young (<30)
477,51,Female,Puerto Rico,14,Drama,163.3410524944602,47,11,Morning,1.4755055904079868,Senior (>50)
478,66,Female,Mauritania,13,Action,160.0239462143453,43,8,Night,2.4121814195818785,Senior (>50)
479,52,Male,Argentina,1,Romance,106.27333283526876,53,3,Afternoon,4.665438962236407,Senior (>50)
480,29,Male,Ghana,27,Action,271.6411144025023,38,7,Morning,2.1570060643612345,Young (<30)
481,51,Female,Nigeria,55,Romance,92.94503845775196,58,10,Morning,3.0560702308623693,Senior (>50)
482,16,Female,Holy See (Vatican City State),42,Romance,212.28003852403535,61,6,Morning,1.599978221296815,Young (<30)
483,42,Male,Turkey,59,Comedy,144.0,68,5,Afternoon,3.907739683176483,Middle (30-50)
484,36,Female,Mozambique,13,Comedy,79.0,51,12,Evening,3.1,Middle (30-50)
485,33,Male,Falkland Islands (Malvinas),12,Drama,107.0,51,11,Afternoon,2.7,Middle (30-50)
486,39,Male,United States Virgin Islands,29,Action,140.45469832030332,47,14,Evening,3.9,Middle (30-50)
487,17,Female,Macao,21,Drama,77.69460357612135,68,6,Evening,2.3132527844364685,Young (<30)
488,41,Male,Tajikistan,39,Comedy,113.0,64,8,Night,2.208677087118204,Middle (30-50)
489,54,Male,United States Virgin Islands,3,Action,99.2516508461224,65,14,Evening,4.383408329066551,Senior (>50)
490,58,Male,India,31,Comedy,105.07490776682427,46,8,Morning,1.866990226746226,Senior (>50)
491,65,Male,Mongolia,19,Comedy,68.73453707673227,40,9,Afternoon,1.3242039836708048,Senior (>50)
492,31,Male,Aruba,9,Action,144.17955849110757,50,8,Night,1.5,Middle (30-50)
493,30,Male,Bolivia,46,Comedy,72.0,46,14,Evening,3.366452839975264,Middle (30-50)
494,41,Female,Falkland Islands (Malvinas),41,Romance,122.0,61,9,Night,2.325308457217841,Middle (30-50)
495,40,Male,Belgium,54,Drama,85.0,53,11,Morning,3.5308111511666556,Middle (30-50)
496,42,Male,Romania,29,Drama,145.0,49,11,Evening,1.4,Middle (30-50)
497,61,Female,Macao,34,Drama,105.2300284940997,49,12,Evening,4.652237799333648,Senior (>50)
498,24,Female,Bermuda,50,Action,278.1841026493301,41,17,Morning,2.725087808987459,Young (<30)
499,65,Male,Costa Rica,26,Drama,139.8078011008116,53,7,Morning,5.0,Senior (>50)
500,26,Male,Sao Tome and Principe,9,Comedy,239.12538513032334,57,10,Night,3.591889384634311,Young (<30)
501,34,Female,Saint Vincent and the Grenadines,50,Romance,94.0,46,7,Afternoon,5.0,Middle (30-50)
502,27,Female,Russian Federation,49,Horror,147.60281898146914,53,9,Morning,3.719149295459489,Young (<30)
503,19,Female,Botswana,24,Horror,205.6775931301544,38,8,Afternoon,3.4265708035729907,Young (<30)
504,46,Male,Rwanda,4,Comedy,86.0,56,14,Morning,1.9,Middle (30-50)
505,55,Male,Belgium,42,Drama,69.65929504318532,47,10,Night,5.0,Senior (>50)
506,32,Male,Comoros,48,Horror,226.0309536070053,66,9,Night,4.394376297897508,Middle (30-50)
507,28,Male,Monaco,10,Romance,137.52080167663595,45,10,Night,2.8387467217184104,Young (<30)
508,56,Female,Mauritania,8,Drama,78.28529499048416,58,10,Afternoon,2.828675416388798,Senior (>50)
509,64,Male,Macao,22,Romance,129.91820206832486,51,6,Evening,4.9016338815179745,Senior (>50)
510,29,Male,Luxembourg,11,Horror,234.2586863968305,43,7,Night,1.266177995864504,Young (<30)
511,67,Female,Burundi,48,Comedy,16.258938421107686,58,6,Morning,5.0,Senior (>50)
512,52,Male,Reunion,33,Horror,218.14961659127354,44,15,Night,1.9334790058642708,Senior (>50)
513,65,Male,Palestinian Territory,60,Romance,96.28120724365935,61,11,Evening,5.0,Senior (>50)
514,63,Male,Spain,39,Romance,108.90071832385337,64,10,Evening,2.993810169990634,Senior (>50)
515,35,Female,Kenya,32,Romance,192.0,48,15,Afternoon,1.533281173362835,Middle (30-50)
516,57,Male,Nigeria,17,Horror,72.93745198353501,52,5,Evening,1.7926705490739963,Senior (>50)
517,15,Female,Saudi Arabia,46,Horror,140.24013044329064,59,10,Evening,2.278370179498636,Young (<30)
518,54,Male,Equatorial Guinea,4,Romance,127.22565014310378,37,9,Afternoon,4.538818650816058,Senior (>50)
519,67,Male,Macao,44,Comedy,191.75866020733878,56,14,Night,5.0,Senior (>50)
520,63,Female,Czech Republic,13,Horror,3.6652454860675414,50,10,Night,3.8246321356097686,Senior (>50)
521,16,Female,Spain,8,Romance,205.28013115555007,58,11,Morning,3.2935460392998106,Young (<30)
522,15,Female,South Africa,19,Horror,49.529331147057874,41,6,Afternoon,1.7645624940760283,Young (<30)
523,24,Female,Malta,28,Action,173.74149084088734,64,16,Night,2.7041938028990216,Young (<30)
524,32,Male,Fiji,12,Comedy,62.0,53,14,Night,3.2,Middle (30-50)
525,56,Male,Greece,59,Horror,15.74703127678342,41,4,Afternoon,5.0,Senior (>50)
526,17,Male,Rwanda,40,Horror,108.04857854871334,56,9,Evening,2.154865372939268,Young (<30)
527,40,Male,Turks and Caicos Islands,23,Horror,142.93221774910015,54,14,Morning,4.6,Middle (30-50)
528,33,Female,Hungary,2,Drama,32.0,51,13,Afternoon,2.0698813897861235,Middle (30-50)
529,53,Female,Montserrat,40,Romance,49.6682799295014,48,10,Morning,1.9978559214788167,Senior (>50)
530,66,Male,Bolivia,12,Drama,51.17513706517293,57,8,Night,4.573875374029449,Senior (>50)
531,64,Female,Kyrgyz Republic,39,Drama,161.30010982209248,52,9,Morning,5.0,Senior (>50)
532,20,Female,Thailand,31,Romance,227.5876094667662,66,10,Morning,3.7123047736473223,Young (<30)
533,66,Male,Brazil,20,Horror,138.67063027893172,43,10,Afternoon,3.696690557990981,Senior (>50)
534,46,Female,Sao Tome and Principe,33,Horror,116.0,34,12,Morning,4.0,Middle (30-50)
535,25,Female,Palau,11,Romance,169.08085307154596,49,11,Afternoon,1.2781563880534488,Young (<30)
536,44,Male,Eritrea,1,Action,157.98604556430004,34,16,Night,2.6,Middle (30-50)
537,67,Male,Vanuatu,3,Drama,129.57717253613325,56,4,Night,2.5066384180071206,Senior (>50)
538,15,Male,China,15,Drama,69.35112728412274,41,6,Morning,2.9399217657801286,Young (<30)
539,55,Male,Japan,42,Comedy,107.05983442937755,58,5,Afternoon,5.0,Senior (>50)
540,28,Male,Montenegro,3,Horror,138.1432947144185,56,15,Night,3.2585326606263165,Young (<30)
541,56,Male,Canada,48,Horror,93.68885744928956,47,6,Afternoon,4.618023169789006,Senior (>50)
542,19,Female,Guinea,25,Drama,111.52838313327636,46,4,Evening,3.060609613578459,Young (<30)
543,20,Female,India,11,Action,197.909745967321,47,7,Afternoon,3.460690685084938,Young (<30)
544,63,Female,Equatorial Guinea,18,Action,130.32445438427092,46,7,Afternoon,4.46779621844629,Senior (>50)
545,26,Female,Bahrain,29,Comedy,194.72515638640027,33,15,Evening,3.63577829998176,Young (<30)
546,20,Male,Kazakhstan,36,Romance,157.95629348719376,43,9,Afternoon,4.525141962997686,Young (<30)
547,54,Male,Bouvet Island (Bouvetoya),29,Romance,192.7042658669566,47,10,Night,4.7827271099401285,Senior (>50)
548,54,Female,Bosnia and Herzegovina,28,Romance,59.9113992280871,50,7,Morning,3.8047831989656022,Senior (>50)
549,53,Female,American Samoa,53,Horror,198.23710549873707,47,6,Morning,4.535981267935472,Senior (>50)
550,27,Male,Burkina Faso,44,Romance,175.15677897047453,49,10,Night,3.604883982327429,Young (<30)
551,27,Female,Honduras,13,Romance,172.822503124679,40,7,Night,2.8199367331628307,Young (<30)
552,59,Male,Solomon Islands,11,Horror,145.9236181735739,54,3,Night,2.645697573791801,Senior (>50)
553,32,Female,Japan,1,Drama,125.0,54,6,Morning,2.000859453739152,Middle (30-50)
554,43,Male,Bahamas,60,Horror,11.126365153556566,58,18,Night,3.8270966313995913,Middle (30-50)
555,52,Female,Chad,38,Drama,82.2503044976103,64,8,Morning,5.0,Senior (>50)
556,66,Male,Burundi,46,Drama,80.83601867634441,58,9,Night,1.2439478277141867,Senior (>50)
557,14,Female,Palestinian Territory,31,Comedy,13.265423188621813,42,4,Morning,2.4661617575168653,Young (<30)
558,33,Female,Azerbaijan,31,Horror,127.0,52,15,Morning,4.0,Middle (30-50)
559,43,Female,Timor-Leste,39,Comedy,99.0,60,10,Afternoon,3.493025388261645,Middle (30-50)
560,30,Male,Lebanon,4,Horror,181.49425447857774,55,11,Night,3.8,Middle (30-50)
561,46,Female,San Marino,27,Comedy,108.0,45,9,Evening,3.4,Middle (30-50)
562,54,Female,Lesotho,53,Horror,70.39444903358145,50,11,Morning,2.837325151298547,Senior (>50)
563,40,Male,Fiji,1,Drama,104.0,52,8,Night,1.6,Middle (30-50)
564,51,Male,Turkmenistan,22,Drama,71.85021074581167,63,6,Morning,3.419895227987761,Senior (>50)
565,54,Female,Botswana,35,Romance,57.5248980160066,50,13,Night,1.5506054315561957,Senior (>50)
566,31,Female,United States Minor Outlying Islands,2,Drama,180.0,65,9,Afternoon,5.0,Middle (30-50)
567,49,Female,Philippines,44,Horror,193.0,77,7,Night,1.6083908333042671,Middle (30-50)
568,13,Female,Congo,17,Romance,196.97691274911304,50,6,Evening,3.2562427856620646,Young (<30)
569,25,Male,Chile,4,Comedy,99.58535686471812,38,7,Morning,3.109603350194244,Young (<30)
570,43,Male,Bosnia and Herzegovina,49,Comedy,73.0,48,9,Night,3.4448597493436237,Middle (30-50)
571,59,Female,Bangladesh,19,Romance,48.1681566802672,49,6,Evening,1.7692413627019308,Senior (>50)
572,16,Female,Angola,12,Comedy,89.80486740280557,63,4,Night,2.7349354021935435,Young (<30)
573,24,Female,Poland,20,Comedy,125.55372666080204,58,9,Afternoon,1.7775593623617287,Young (<30)
574,19,Male,Cyprus,45,Horror,79.1690499893797,52,11,Afternoon,1.5786688302044625,Young (<30)
575,24,Male,Congo,33,Romance,168.3224967702282,46,6,Morning,2.7498200208097057,Young (<30)
576,41,Male,Antarctica (the territory South of 60 deg S),35,Horror,197.9774707376696,57,13,Night,1.8,Middle (30-50)
577,16,Female,Gibraltar,34,Comedy,256.00738753489617,43,19,Evening,3.6117427643268294,Young (<30)
578,31,Male,Vietnam,56,Horror,111.54479544334507,58,14,Morning,2.6778842435919237,Middle (30-50)
579,19,Male,Colombia,25,Drama,177.6695108506359,48,9,Evening,2.843107157124908,Young (<30)
580,59,Female,Guatemala,36,Romance,203.5619496025848,52,9,Afternoon,5.0,Senior (>50)
581,24,Male,Liberia,4,Horror,95.52202849962826,52,9,Afternoon,2.068548010319614,Young (<30)
582,18,Female,Fiji,46,Romance,80.72967914854166,60,9,Evening,4.393953093439167,Young (<30)
583,57,Male,South Africa,17,Romance,125.71567190560499,46,7,Night,1.9280159708134976,Senior (>50)
584,52,Female,Rwanda,5,Romance,83.04372910280865,57,9,Afternoon,5.0,Senior (>50)
585,33,Female,Isle of Man,55,Comedy,97.0,52,10,Afternoon,2.5727737729157028,Middle (30-50)
586,62,Female,Spain,24,Horror,76.06866842166778,44,10,Evening,3.7842882542603937,Senior (>50)
587,53,Male,Honduras,51,Romance,43.9986071723476,52,11,Evening,4.861190271562595,Senior (>50)
588,62,Male,Kenya,25,Drama,51.78945136399325,63,7,Morning,5.0,Senior (>50)
589,24,Female,Italy,53,Romance,199.75162805283102,71,11,Evening,4.936824767591046,Young (<30)
590,13,Female,French Southern Territories,35,Drama,119.20109201353499,41,15,Night,4.123923842393333,Young (<30)
591,56,Male,Somalia,32,Drama,68.673687311988,50,10,Afternoon,3.7786136301737057,Senior (>50)
592,53,Male,Hungary,33,Horror,146.12421553266415,51,10,Morning,3.4523346073037424,Senior (>50)
593,63,Male,Papua New Guinea,52,Drama,171.3584510646675,69,12,Afternoon,2.121256844803169,Senior (>50)
594,40,Female,Guam,22,Comedy,82.0,53,6,Morning,4.1,Middle (30-50)
595,29,Female,Angola,32,Romance,131.40944634946825,57,14,Morning,4.587477303876989,Young (<30)
596,59,Male,Belarus,36,Drama,98.72076608610791,48,6,Afternoon,4.050174909505057,Senior (>50)
597,33,Male,Kenya,55,Horror,159.03825292590815,52,10,Morning,1.5410213263608172,Middle (30-50)
598,42,Male,United States Minor Outlying Islands,26,Romance,104.0,39,11,Evening,3.4,Middle (30-50)
599,37,Female,Latvia,38,Romance,59.0,59,8,Night,4.926556234517952,Middle (30-50)
600,61,Male,Afghanistan,53,Romance,78.68169393805782,47,11,Afternoon,3.0738028176592675,Senior (>50)
601,51,Male,Kiribati,56,Romance,156.04579782922906,39,10,Morning,2.0375786026966263,Senior (>50)
602,20,Male,Lesotho,12,Romance,1.8772409638442669,55,16,Afternoon,1.60227446451938,Young (<30)
603,58,Female,Armenia,39,Comedy,69.93012467879748,68,13,Evening,2.9641946552324403,Senior (>50)
604,28,Male,Faroe Islands,43,Drama,147.90783238030812,52,7,Night,1.363325991385155,Young (<30)
605,45,Male,Sierra Leone,57,Comedy,103.0,45,8,Evening,4.976009916211766,Middle (30-50)
606,19,Male,Mayotte,43,Drama,236.34254465765986,50,11,Morning,4.8973266186715625,Young (<30)
607,53,Male,Mayotte,19,Drama,104.55843654331824,65,7,Afternoon,3.830121044093239,Senior (>50)
608,49,Male,Djibouti,22,Action,43.66763988042445,44,5,Night,1.0,Middle (30-50)
609,60,Female,Netherlands Antilles,48,Drama,216.00277010561896,48,11,Morning,2.4049572587825097,Senior (>50)
610,66,Male,Romania,34,Action,150.8846532221811,48,12,Night,2.9129195886269375,Senior (>50)
611,62,Male,Korea,59,Comedy,63.7076757841934,56,18,Night,1.204358263287636,Senior (>50)
612,45,Male,Haiti,14,Action,277.67236790890587,61,8,Night,4.2,Middle (30-50)
613,58,Male,Belize,31,Comedy,57.83252382329844,51,15,Morning,4.503330336166183,Senior (>50)
614,19,Female,Croatia,60,Romance,68.02794361611339,53,7,Evening,4.646230519078053,Young (<30)
615,35,Male,Tokelau,24,Drama,120.0,63,11,Morning,3.3,Middle (30-50)
616,22,Female,Guyana,20,Drama,219.44179302408682,38,12,Morning,1.873318478157936,Young (<30)
617,21,Female,San Marino,38,Drama,167.78873904528385,68,11,Morning,1.471228247642983,Young (<30)
618,13,Female,Cote d'Ivoire,53,Action,74.6445246969158,46,11,Evening,3.6776127411833017,Young (<30)
619,31,Male,Burundi,2,Action,237.01766181830652,32,6,Evening,2.4,Middle (30-50)
620,16,Male,Mayotte,32,Romance,80.95595242690963,51,14,Evening,2.8712185837968525,Young (<30)
621,62,Female,Haiti,50,Action,98.83645826376595,51,14,Night,4.278094366641246,Senior (>50)
622,52,Male,Honduras,39,Drama,41.63078813627237,66,12,Morning,5.0,Senior (>50)
623,64,Female,Panama,8,Horror,69.69274658021351,42,9,Night,1.486090850041098,Senior (>50)
624,44,Female,Saudi Arabia,13,Drama,149.0,54,12,Evening,5.0,Middle (30-50)
625,59,Female,Monaco,53,Comedy,117.89193565905748,44,6,Night,5.0,Senior (>50)
626,37,Female,Jamaica,59,Drama,168.0,58,9,Morning,3.947311658821552,Middle (30-50)
627,29,Female,Hong Kong,15,Drama,182.68997948610445,50,11,Evening,3.035769185859228,Young (<30)
628,61,Male,Korea,31,Horror,109.73463606172368,62,14,Evening,3.2393660485084705,Senior (>50)
629,66,Male,Cocos (Keeling) Islands,50,Romance,108.56002542601715,51,8,Morning,5.0,Senior (>50)
630,55,Female,Andorra,6,Horror,105.00414352042309,67,13,Evening,4.892502759073213,Senior (>50)
631,50,Female,Comoros,16,Comedy,137.0,35,11,Morning,3.5,Middle (30-50)
632,63,Male,French Polynesia,21,Action,87.77426796373005,58,9,Afternoon,4.408146544874966,Senior (>50)
633,55,Female,Morocco,24,Comedy,82.25038325464803,39,8,Morning,3.284095496431489,Senior (>50)
634,30,Female,Swaziland,44,Romance,45.0,53,8,Night,2.970512547527281,Middle (30-50)
635,20,Female,Turkey,50,Romance,131.80971094635922,56,11,Morning,2.911445405573641,Young (<30)
636,27,Male,Zimbabwe,10,Horror,125.1215998537567,52,11,Morning,2.490079459423691,Young (<30)
637,24,Female,Mauritius,44,Action,113.1512617828326,48,7,Evening,3.8354218213313604,Young (<30)
638,61,Male,Switzerland,25,Horror,107.76857979018986,57,11,Morning,5.0,Senior (>50)
639,70,Male,Saint Kitts and Nevis,44,Action,17.790333864456045,56,13,Night,3.1502768957137532,Senior (>50)
640,35,Male,Moldova,19,Romance,240.0,50,7,Afternoon,2.7,Middle (30-50)
641,47,Male,Myanmar,15,Action,29.186417621100382,50,13,Evening,3.7,Middle (30-50)
642,46,Male,Singapore,18,Romance,101.0,41,5,Evening,2.6,Middle (30-50)
643,35,Male,Andorra,57,Comedy,178.0,61,8,Night,1.5110948168480365,Middle (30-50)
644,19,Male,Christmas Island,19,Horror,31.64523647356654,65,11,Afternoon,2.1771923264145294,Young (<30)
645,29,Male,Norway,23,Drama,98.87713955746774,64,8,Evening,3.0119085084127515,Young (<30)
646,13,Male,Niue,6,Romance,55.37493284581342,60,14,Morning,1.7609130579732404,Young (<30)
647,50,Female,Guernsey,18,Comedy,153.0,46,15,Night,2.1,Middle (30-50)
648,47,Male,Sierra Leone,58,Drama,41.0,55,10,Morning,3.5428185764590925,Middle (30-50)
649,44,Female,Sri Lanka,19,Comedy,231.0,52,11,Morning,3.4,Middle (30-50)
650,31,Male,Kazakhstan,5,Action,20.501715035046537,41,13,Morning,4.0,Middle (30-50)
651,62,Male,Senegal,7,Action,137.81406248808113,39,5,Morning,4.759030553754666,Senior (>50)
652,15,Male,Lesotho,50,Action,182.4578210540943,69,4,Morning,2.0025512669487004,Young (<30)
653,61,Male,Marshall Islands,46,Horror,187.29649862553674,59,8,Night,4.2342547699502955,Senior (>50)
654,46,Male,Antarctica (the territory South of 60 deg S),23,Horror,133.80470911292903,44,8,Evening,3.5,Middle (30-50)
655,29,Female,Kiribati,19,Action,49.207288062085475,59,14,Morning,1.5555305359956282,Young (<30)
656,46,Male,Haiti,13,Romance,126.0,47,4,Morning,2.2,Middle (30-50)
657,44,Female,Tajikistan,56,Horror,144.0,61,11,Morning,5.0,Middle (30-50)
658,48,Male,South Georgia and the South Sandwich Islands,36,Action,136.42020352437135,54,15,Afternoon,3.2,Middle (30-50)
659,40,Female,Bolivia,25,Comedy,191.0,56,9,Afternoon,1.3,Middle (30-50)
660,60,Male,Belize,45,Comedy,199.13156782159575,48,14,Afternoon,3.4523719096339844,Senior (>50)
661,24,Male,Wallis and Futuna,17,Action,141.97493650873497,47,7,Evening,3.624769992129078,Young (<30)
662,22,Female,Botswana,36,Comedy,102.25118270941664,52,8,Night,3.3520813071132762,Young (<30)
663,27,Female,Tokelau,58,Drama,70.5144876656294,60,6,Morning,4.6320089991248645,Young (<30)
664,52,Female,Niger,37,Drama,113.36620508439648,57,12,Morning,4.943218482493511,Senior (>50)
665,42,Male,Madagascar,52,Comedy,168.0,57,11,Afternoon,2.2733803754497277,Middle (30-50)
666,23,Female,Belgium,40,Drama,191.11989864262566,66,11,Evening,1.7981210746556417,Young (<30)
667,38,Male,Singapore,46,Romance,91.0,57,9,Night,2.805864645118603,Middle (30-50)
668,30,Female,Haiti,28,Romance,35.0,45,9,Morning,3.6192661028377056,Middle (30-50)
669,26,Male,Costa Rica,9,Romance,186.86952374959023,60,3,Morning,1.5173832607388194,Young (<30)
670,21,Female,Philippines,28,Romance,129.75401942289503,39,7,Evening,2.38595399740226,Young (<30)
671,67,Female,Niger,58,Comedy,67.50251982375426,62,6,Afternoon,3.51499289205414,Senior (>50)
672,60,Male,Grenada,27,Comedy,51.35881095590816,61,10,Morning,2.7208099824285785,Senior (>50)
673,23,Female,Antigua and Barbuda,37,Drama,119.37735175429978,42,8,Night,3.5597193961232922,Young (<30)
674,52,Female,Rwanda,42,Comedy,159.45052350998208,64,9,Morning,4.066306194885502,Senior (>50)
675,67,Female,Macao,23,Romance,154.93696660890546,44,9,Night,3.378065852239283,Senior (>50)
676,58,Female,Jordan,35,Comedy,169.56571838248541,46,11,Morning,4.097510387907555,Senior (>50)
677,39,Female,Cape Verde,56,Horror,145.0,51,4,Morning,2.968953418700797,Middle (30-50)
678,24,Female,Botswana,55,Romance,69.5576506260796,72,10,Evening,4.929182629126777,Young (<30)
679,27,Male,Zambia,6,Comedy,17.934142188750908,48,12,Evening,3.3411451041016744,Young (<30)
680,33,Male,Netherlands Antilles,25,Romance,124.0,42,10,Afternoon,4.7,Middle (30-50)
681,30,Male,Aruba,5,Horror,179.45201624622513,44,11,Afternoon,4.3,Middle (30-50)
682,50,Male,Cape Verde,21,Action,179.70420275514417,50,10,Night,4.2,Middle (30-50)
683,46,Male,Hungary,34,Action,229.50200389964994,41,7,Afternoon,2.6,Middle (30-50)
684,69,Male,Bangladesh,56,Romance,93.85800306758478,58,9,Morning,4.710727863679668,Senior (>50)
685,44,Female,Lao People's Democratic Republic,32,Drama,85.0,47,10,Afternoon,2.5269621944944327,Middle (30-50)
686,35,Female,Serbia,32,Horror,116.0,53,8,Night,3.6,Middle (30-50)
687,25,Female,Finland,17,Drama,207.62633970977492,47,12,Night,1.9170809122513148,Young (<30)
688,39,Male,Moldova,57,Romance,41.0,38,10,Night,4.334027599692514,Middle (30-50)
689,43,Female,Slovakia (Slovak Republic),13,Drama,103.0,55,5,Morning,4.438697244243231,Middle (30-50)
690,32,Male,Bhutan,7,Horror,139.3049759153857,60,8,Night,2.3,Middle (30-50)
691,31,Male,Suriname,36,Action,144.6284861654517,48,11,Afternoon,1.5,Middle (30-50)
692,18,Female,Macao,38,Action,51.89745267319536,53,12,Evening,3.496306222089841,Young (<30)
693,18,Female,Saudi Arabia,53,Romance,43.310871082159295,55,13,Evening,1.4903555158289359,Young (<30)
694,69,Male,Kiribati,32,Drama,80.61950385649727,45,12,Evening,2.52526116340848,Senior (>50)
695,64,Female,Cocos (Keeling) Islands,5,Drama,97.35837372733052,48,8,Morning,2.083315164084289,Senior (>50)
696,59,Female,Solomon Islands,39,Romance,10.593993867732056,56,10,Evening,3.0756177793038066,Senior (>50)
697,58,Female,Philippines,48,Romance,43.841704047032074,59,16,Morning,5.0,Senior (>50)
698,29,Female,Congo,27,Drama,139.94331347140547,35,5,Evening,3.7642443842269486,Young (<30)
699,15,Male,New Zealand,40,Action,184.24119458110277,39,13,Afternoon,1.4431435610907157,Young (<30)
700,68,Female,Gabon,22,Romance,149.91714658355025,49,11,Evening,1.4199899556934934,Senior (>50)
701,67,Female,Aruba,60,Action,42.99712839518908,58,7,Evening,5.0,Senior (>50)
702,67,Female,Belgium,47,Action,102.42292641547388,53,11,Morning,1.8823949283254078,Senior (>50)
703,30,Male,Ecuador,4,Comedy,84.0,53,7,Evening,4.3,Middle (30-50)
704,47,Female,Georgia,54,Horror,75.0,69,11,Evening,1.8372823488542025,Middle (30-50)
705,31,Male,Ghana,38,Horror,234.88384400216793,61,14,Evening,5.0,Middle (30-50)
706,49,Male,Bermuda,17,Comedy,96.0,43,17,Night,2.2,Middle (30-50)
707,16,Female,Finland,24,Drama,194.28089750146617,54,15,Evening,2.6209675901738447,Young (<30)
708,46,Female,Lebanon,53,Action,70.0,61,6,Night,1.2664416075318294,Middle (30-50)
709,57,Female,Equatorial Guinea,6,Romance,171.44537795928912,50,12,Morning,1.4131410382056508,Senior (>50)
710,52,Female,American Samoa,51,Romance,39.751647822059844,55,11,Night,3.68285590987994,Senior (>50)
711,28,Female,British Virgin Islands,36,Horror,109.8549510626692,48,5,Evening,3.0407171724759396,Young (<30)
712,31,Male,Russian Federation,23,Action,34.018346237227405,49,13,Night,4.5,Middle (30-50)
713,36,Male,New Caledonia,10,Romance,217.0,55,6,Afternoon,4.2,Middle (30-50)
714,52,Male,Malta,18,Action,92.55126476987833,56,15,Night,4.967739283283778,Senior (>50)
715,51,Male,Israel,52,Romance,207.9005998418905,58,5,Morning,1.4125336178756567,Senior (>50)
716,38,Female,Panama,14,Horror,69.0,49,7,Night,2.5,Middle (30-50)
717,20,Male,Mali,10,Comedy,146.3782337083656,51,13,Night,1.420278725713189,Young (<30)
718,23,Female,Burundi,39,Comedy,139.7364311413572,64,9,Afternoon,3.5623192394842182,Young (<30)
719,60,Male,Botswana,55,Comedy,103.12150129024174,56,11,Night,2.635324346861485,Senior (>50)
720,33,Male,San Marino,38,Comedy,108.0,60,12,Morning,2.7040158493594055,Middle (30-50)
721,24,Male,Guatemala,24,Horror,225.2994546706351,48,11,Evening,2.705857377486028,Young (<30)
722,22,Female,Norfolk Island,52,Romance,194.0450146581348,67,9,Evening,5.0,Young (<30)
723,56,Male,Azerbaijan,41,Horror,138.4371330007439,47,9,Morning,1.5535603101381774,Senior (>50)
724,66,Male,Uruguay,15,Romance,88.8911756591836,48,8,Evening,2.407022383605888,Senior (>50)
725,53,Female,Pakistan,40,Drama,138.6007638689633,60,8,Evening,5.0,Senior (>50)
726,35,Male,Bahamas,4,Horror,103.81443822581433,45,6,Morning,3.0,Middle (30-50)
727,33,Female,Malta,25,Drama,49.0,40,12,Morning,2.9442364993131385,Middle (30-50)
728,47,Male,Isle of Man,21,Action,100.44791372779372,41,9,Evening,1.9,Middle (30-50)
729,42,Male,Palestinian Territory,39,Comedy,163.0,67,8,Morning,3.3058437741961493,Middle (30-50)
730,37,Female,Saint Barthelemy,9,Horror,122.0,47,12,Morning,1.4,Middle (30-50)
731,36,Male,Belgium,16,Comedy,207.0,47,12,Afternoon,2.0,Middle (30-50)
732,26,Female,Albania,12,Action,148.9995495071083,49,11,Evening,3.593597460952031,Young (<30)
733,65,Female,Spain,45,Drama,109.06784226889748,66,12,Evening,3.7755470454047892,Senior (>50)
734,34,Male,Marshall Islands,47,Action,57.74955168348055,50,11,Evening,3.000722890855046,Middle (30-50)
735,44,Female,Uruguay,36,Drama,23.0,55,7,Morning,5.0,Middle (30-50)
736,53,Female,Israel,10,Romance,171.85741590261492,53,13,Morning,4.972771477643365,Senior (>50)
737,47,Male,American Samoa,6,Comedy,117.0,60,10,Evening,3.0,Middle (30-50)
738,38,Female,Botswana,60,Horror,24.0,53,15,Evening,4.108193786421899,Middle (30-50)
739,66,Male,Bahamas,35,Drama,164.89211983667613,44,10,Night,3.657645308645786,Senior (>50)
740,53,Female,Puerto Rico,15,Comedy,100.77906212292497,44,10,Evening,5.0,Senior (>50)
741,13,Male,Northern Mariana Islands,45,Romance,142.48946828929263,41,11,Night,3.036563865526541,Young (<30)
742,61,Male,Saint Lucia,16,Horror,94.393547492707,55,14,Afternoon,4.865169789330749,Senior (>50)
743,50,Male,Holy See (Vatican City State),48,Horror,37.59420635287965,59,13,Night,1.887780802247803,Middle (30-50)
744,22,Female,Nicaragua,14,Drama,3.9028722578924744,39,15,Evening,2.4372033569410907,Young (<30)
745,49,Female,Christmas Island,41,Comedy,13.0,61,9,Afternoon,4.870695376564708,Middle (30-50)
746,38,Female,Costa Rica,58,Drama,139.0,52,10,Morning,3.352990093901276,Middle (30-50)
747,16,Female,Solomon Islands,6,Horror,172.41433178505207,50,10,Evening,4.503343932679606,Young (<30)
748,64,Female,Hungary,17,Horror,65.00136170108189,46,11,Night,2.0383298036468527,Senior (>50)
749,48,Female,Antarctica (the territory South of 60 deg S),11,Romance,187.0,50,6,Night,1.547883893993522,Middle (30-50)
750,19,Female,United States of America,31,Romance,115.17654597371379,33,9,Afternoon,3.2721190250320396,Young (<30)
751,15,Male,Czech Republic,5,Romance,4.648234008710288,45,8,Morning,2.743655313763332,Young (<30)
752,34,Male,Malawi,52,Drama,165.0,58,11,Afternoon,5.0,Middle (30-50)
753,16,Female,Greenland,31,Comedy,112.15844616228875,51,16,Evening,1.653894648942581,Young (<30)
754,21,Male,Wallis and Futuna,49,Romance,93.40875283258667,53,6,Morning,3.0709790764498974,Young (<30)
755,65,Female,Guinea-Bissau,25,Romance,73.47061370025577,49,10,Afternoon,3.936257647555736,Senior (>50)
756,58,Male,Monaco,11,Drama,127.26722622228507,44,15,Afternoon,3.904870979627199,Senior (>50)
757,48,Male,Lao People's Democratic Republic,7,Romance,58.0,53,12,Night,4.0,Middle (30-50)
758,33,Male,Mexico,36,Action,78.79260409060008,53,10,Afternoon,2.7,Middle (30-50)
759,68,Female,Brazil,16,Horror,96.77218383157238,49,16,Afternoon,3.432725969509664,Senior (>50)
760,16,Male,Sweden,38,Romance,195.410444910527,60,7,Evening,3.2795896612056796,Young (<30)
761,31,Female,Lesotho,44,Romance,74.0,67,8,Evening,4.71476786709011,Middle (30-50)
762,36,Male,United Arab Emirates,59,Action,205.23452692129163,48,9,Evening,4.503027770446302,Middle (30-50)
763,29,Female,Ecuador,3,Comedy,78.697481727249,57,12,Afternoon,1.1158318307693795,Young (<30)
764,41,Female,Latvia,13,Romance,209.0,44,9,Afternoon,4.880146217201805,Middle (30-50)
765,49,Male,Mali,29,Comedy,227.0,45,7,Morning,3.0,Middle (30-50)
766,26,Female,Russian Federation,42,Action,189.62075574769062,47,14,Afternoon,1.727186679068568,Young (<30)
767,69,Female,Italy,42,Romance,65.99064554101857,71,9,Afternoon,1.5206545213105762,Senior (>50)
768,36,Female,Andorra,58,Action,135.0,74,5,Morning,5.0,Middle (30-50)
769,31,Female,Comoros,32,Comedy,158.0,46,19,Afternoon,1.2,Middle (30-50)
770,23,Female,Saint Pierre and Miquelon,17,Action,122.50671920151899,55,5,Morning,2.318163672943756,Young (<30)
771,56,Female,Comoros,1,Romance,71.64777925419372,48,5,Evening,2.949026960679303,Senior (>50)
772,50,Male,Nicaragua,8,Horror,113.72153117157474,49,8,Night,2.8,Middle (30-50)
773,48,Female,Montserrat,53,Action,178.0,50,15,Afternoon,5.0,Middle (30-50)
774,48,Female,Saint Lucia,45,Romance,81.0,50,7,Afternoon,4.970874039158543,Middle (30-50)
775,21,Female,Slovenia,29,Comedy,156.01685283612372,53,11,Night,3.7298320683749324,Young (<30)
776,58,Female,Lao People's Democratic Republic,3,Action,82.47790149562196,43,8,Night,4.5329504115126715,Senior (>50)
777,69,Female,Solomon Islands,56,Drama,132.82900164163902,62,9,Morning,4.353527069358254,Senior (>50)
778,58,Female,Iceland,3,Romance,78.27909212968625,46,5,Afternoon,1.9531792918224213,Senior (>50)
779,29,Female,Christmas Island,33,Horror,138.40125085605226,57,10,Night,3.7917979974625298,Young (<30)
780,66,Male,Georgia,57,Romance,136.26450258057724,58,10,Afternoon,3.4377199251074564,Senior (>50)
781,57,Female,El Salvador,39,Romance,29.90784726216487,58,7,Night,3.4326270964145262,Senior (>50)
782,62,Male,Mozambique,6,Horror,35.48882700862961,50,11,Night,1.9409177560436714,Senior (>50)
783,69,Female,Samoa,5,Drama,64.33558874372612,37,10,Afternoon,1.86005728841304,Senior (>50)
784,26,Female,Trinidad and Tobago,32,Drama,167.71049672991902,52,13,Night,4.249302476673258,Young (<30)
785,20,Male,Iceland,21,Drama,112.78451602366445,43,11,Evening,2.0093304369109,Young (<30)
786,32,Male,Monaco,9,Romance,51.0,54,8,Night,3.6,Middle (30-50)
787,27,Female,Yemen,54,Romance,173.9228819376033,71,16,Afternoon,4.205622530850381,Young (<30)
788,17,Male,Uzbekistan,42,Drama,189.82862171610043,61,9,Night,1.3976928199327079,Young (<30)
789,37,Female,Greenland,45,Romance,116.0,61,6,Evening,4.756248965580138,Middle (30-50)
790,54,Female,Madagascar,54,Romance,84.38806655756048,47,10,Evening,5.0,Senior (>50)
791,27,Male,French Polynesia,40,Comedy,301.22746924900474,46,8,Afternoon,1.6705822805564674,Young (<30)
792,51,Male,Russian Federation,17,Action,30.64093333558457,41,9,Evening,3.893007885087564,Senior (>50)
793,55,Male,Nepal,28,Action,148.8221815297723,43,10,Evening,2.439102435535555,Senior (>50)
794,42,Female,Gabon,46,Horror,239.0,44,3,Morning,4.70280728831328,Middle (30-50)
795,67,Female,Saint Kitts and Nevis,11,Romance,60.14489255158433,53,12,Morning,1.3172858494002722,Senior (>50)
796,30,Male,Guatemala,7,Drama,43.0,58,9,Morning,3.9,Middle (30-50)
797,49,Male,Belgium,18,Action,115.03039497385973,50,11,Evening,4.4,Middle (30-50)
798,46,Female,Saint Vincent and the Grenadines,26,Action,138.0,45,9,Morning,4.3,Middle (30-50)
799,63,Male,Fiji,17,Drama,70.16854766959108,49,9,Night,2.2773612319770296,Senior (>50)
800,14,Male,Bolivia,60,Romance,247.23197436528704,47,9,Afternoon,1.8215732374163338,Young (<30)
801,51,Male,El Salvador,40,Comedy,159.09934166413638,57,8,Night,2.83441303368436,Senior (>50)
802,51,Female,Maldives,37,Comedy,19.351852724763965,48,6,Evening,3.1634290429184873,Senior (>50)
803,53,Male,Malta,54,Action,200.4010303509009,63,8,Afternoon,3.5050476396269103,Senior (>50)
804,19,Male,Israel,58,Action,75.79008289409492,53,10,Afternoon,1.172894081910183,Young (<30)
805,46,Male,Costa Rica,7,Comedy,112.0,63,9,Morning,4.1,Middle (30-50)
806,24,Male,Barbados,20,Horror,81.12022412237387,48,9,Afternoon,2.4653976234404213,Young (<30)
807,70,Female,Cayman Islands,27,Horror,79.37317744705524,50,8,Morning,4.857141900968676,Senior (>50)
808,44,Male,Iceland,34,Romance,16.0,37,9,Evening,2.6,Middle (30-50)
809,64,Male,British Virgin Islands,10,Drama,16.828163539190314,57,6,Evening,2.1244465486390034,Senior (>50)
810,58,Male,Grenada,54,Action,113.00889789314762,57,14,Evening,4.731219466509787,Senior (>50)
811,17,Male,Jersey,12,Romance,218.69381442550764,37,8,Afternoon,2.552272728681472,Young (<30)
812,55,Female,Solomon Islands,8,Romance,137.0588948828458,60,10,Evening,5.0,Senior (>50)
813,54,Female,Saint Barthelemy,55,Horror,99.57491636570771,47,4,Morning,4.8850753938820155,Senior (>50)
814,50,Male,Belarus,23,Romance,97.0,44,14,Night,4.9,Middle (30-50)
815,49,Male,Malawi,32,Romance,145.0,50,12,Night,2.5,Middle (30-50)
816,56,Male,Jordan,38,Drama,154.05192597852874,55,11,Afternoon,4.63042666382722,Senior (>50)
817,38,Female,Equatorial Guinea,14,Horror,209.0,44,9,Evening,3.0,Middle (30-50)
818,31,Female,United Arab Emirates,53,Action,71.0,52,5,Morning,4.779025968723069,Middle (30-50)
819,36,Female,Pitcairn Islands,21,Horror,77.0,54,10,Evening,2.6,Middle (30-50)
820,69,Female,Ireland,35,Action,123.80217560972048,44,7,Morning,4.2778786540397755,Senior (>50)
821,41,Male,Slovenia,32,Horror,181.9147187811095,43,17,Afternoon,4.6,Middle (30-50)
822,26,Female,Gibraltar,32,Romance,142.77740067792925,58,16,Afternoon,3.564390419364229,Young (<30)
823,45,Female,Belize,21,Drama,145.0,55,8,Night,4.855765228262361,Middle (30-50)
824,65,Male,Germany,10,Action,247.74357152360128,51,13,Evening,1.4376992129472963,Senior (>50)
825,70,Female,El Salvador,12,Action,48.7904119177174,45,16,Afternoon,2.3703074252141993,Senior (>50)
826,24,Male,Argentina,43,Romance,49.51059257990964,47,10,Afternoon,1.7902759000225763,Young (<30)
827,36,Male,Congo,11,Romance,143.0,48,7,Evening,1.4,Middle (30-50)
828,26,Female,Tanzania,54,Romance,99.28873956261347,61,5,Afternoon,4.177929476721446,Young (<30)
829,45,Female,Kyrgyz Republic,57,Romance,167.0,46,13,Night,5.0,Middle (30-50)
830,17,Male,Singapore,40,Action,145.9321078884162,58,9,Morning,3.5321049548465084,Young (<30)
831,59,Female,Albania,12,Romance,158.76278036116426,50,10,Morning,3.4788508223685843,Senior (>50)
832,13,Male,Kyrgyz Republic,8,Horror,164.54788932572575,53,9,Morning,1.6898121936385029,Young (<30)
833,55,Male,Cyprus,46,Romance,67.63169440384404,56,7,Night,5.0,Senior (>50)
834,67,Female,Slovakia (Slovak Republic),53,Comedy,50.317369674190665,56,6,Evening,5.0,Senior (>50)
835,61,Female,Guam,42,Comedy,106.50539054324166,44,9,Night,5.0,Senior (>50)
836,18,Female,Guadeloupe,54,Comedy,251.15029241581476,49,12,Morning,2.8162658709991857,Young (<30)
837,28,Female,Germany,6,Comedy,79.52091478185568,43,11,Afternoon,4.413641756388228,Young (<30)
838,44,Male,Qatar,38,Drama,143.0,62,4,Evening,2.9051266866601946,Middle (30-50)
839,25,Male,Moldova,39,Drama,137.24365961721506,48,14,Afternoon,3.3673058122938015,Young (<30)
840,16,Female,Afghanistan,42,Drama,162.61865606602214,52,14,Evening,4.097030197249621,Young (<30)
841,17,Female,Tajikistan,42,Romance,108.40866614946907,55,6,Evening,4.7066883987136094,Young (<30)
842,39,Male,Cuba,16,Horror,127.31664515144723,50,11,Evening,3.5,Middle (30-50)
843,54,Male,French Polynesia,36,Horror,132.47582531732198,60,8,Evening,2.10453163180248,Senior (>50)
844,19,Male,Bouvet Island (Bouvetoya),37,Drama,183.93408394600092,41,11,Night,4.518104200989493,Young (<30)
845,58,Male,New Zealand,60,Drama,168.6550567623222,62,14,Afternoon,3.2262463127163437,Senior (>50)
846,66,Male,Tanzania,43,Drama,134.93564327341434,62,5,Night,3.9518819850759255,Senior (>50)
847,53,Male,Mozambique,57,Horror,134.91938572076444,44,10,Morning,5.0,Senior (>50)
848,50,Female,Hungary,25,Drama,130.0,55,9,Afternoon,3.6652115425441423,Middle (30-50)
849,32,Female,Gabon,45,Comedy,157.0,49,7,Afternoon,5.0,Middle (30-50)
850,25,Female,Iceland,55,Horror,132.6089181030636,50,6,Morning,3.141215779070222,Young (<30)
851,18,Male,Greece,59,Comedy,68.88395651811152,48,19,Evening,3.1411966255812676,Young (<30)
852,15,Female,Sudan,4,Action,121.29209233847646,56,13,Morning,3.5524557655430704,Young (<30)
853,59,Female,Bouvet Island (Bouvetoya),1,Drama,155.32216925856005,53,12,Morning,1.3262248180255842,Senior (>50)
854,60,Female,Lao People's Democratic Republic,53,Action,36.797146176854476,55,9,Afternoon,1.8063755082551014,Senior (>50)
855,40,Female,Saint Barthelemy,5,Horror,145.0,43,12,Morning,1.9,Middle (30-50)
856,50,Female,Qatar,38,Romance,198.0,42,11,Afternoon,5.0,Middle (30-50)
857,38,Female,British Virgin Islands,4,Horror,168.0,46,10,Night,2.2,Middle (30-50)
858,60,Male,French Guiana,47,Action,141.96823806217967,67,10,Morning,5.0,Senior (>50)
859,68,Male,Iran,58,Action,127.61034342449194,62,8,Evening,4.296756582722104,Senior (>50)
860,16,Female,Turks and Caicos Islands,13,Comedy,133.55288379363245,56,8,Evening,1.3003577624006717,Young (<30)
861,37,Male,Solomon Islands,7,Action,109.16302476916754,61,8,Evening,2.8,Middle (30-50)
862,59,Male,Mayotte,59,Horror,86.72159636077537,55,14,Night,4.539239728826801,Senior (>50)
863,19,Male,Netherlands,27,Romance,86.34858017809199,60,10,Night,4.269600291840858,Young (<30)
864,47,Female,Mali,17,Action,93.0,48,8,Morning,3.4,Middle (30-50)
865,34,Female,China,13,Romance,210.0,50,9,Morning,1.5432528365197618,Middle (30-50)
866,51,Male,Congo,16,Horror,114.46572134150168,44,7,Afternoon,2.2670364225480397,Senior (>50)
867,47,Female,Oman,25,Romance,142.0,44,8,Morning,4.564399666824156,Middle (30-50)
868,49,Male,Korea,36,Romance,135.0,42,11,Evening,2.4,Middle (30-50)
869,38,Female,Myanmar,10,Comedy,199.0,42,8,Evening,3.6,Middle (30-50)
870,52,Male,Gibraltar,60,Comedy,160.50870357619587,52,6,Night,5.0,Senior (>50)
871,17,Male,United Arab Emirates,22,Comedy,154.24147739526822,52,10,Morning,2.0679012977558093,Young (<30)
872,52,Male,Saint Lucia,11,Drama,108.89696599968376,47,4,Evening,3.944464915284895,Senior (>50)
873,66,Male,Switzerland,7,Action,182.79466081425053,61,9,Night,1.1782356620868553,Senior (>50)
874,63,Female,France,55,Comedy,17.199368364226583,52,10,Evening,4.3253460814109115,Senior (>50)
875,30,Male,Pakistan,34,Drama,14.0,50,13,Morning,2.9,Middle (30-50)
876,68,Male,Djibouti,31,Drama,18.220706730859206,30,14,Afternoon,4.226018212366697,Senior (>50)
877,24,Male,Bahamas,22,Action,284.8850529908307,53,12,Evening,1.8339881403230303,Young (<30)
878,49,Male,British Virgin Islands,21,Action,120.96430023867691,53,5,Night,1.9,Middle (30-50)
879,25,Male,Ukraine,28,Comedy,155.46481981533756,60,10,Afternoon,2.3673771911713777,Young (<30)
880,28,Female,Wallis and Futuna,52,Horror,43.77654511801469,52,12,Afternoon,3.4647375576202646,Young (<30)
881,46,Male,Ethiopia,1,Romance,57.0,37,9,Morning,4.5,Middle (30-50)
882,36,Male,Sri Lanka,21,Action,122.11863384488586,42,7,Morning,4.5,Middle (30-50)
883,66,Female,Somalia,4,Drama,180.96143936137574,51,13,Morning,5.0,Senior (>50)
884,55,Male,Namibia,14,Romance,181.19559748024727,38,15,Morning,4.459099702661367,Senior (>50)
885,27,Male,Qatar,3,Comedy,51.58711925717457,57,10,Morning,2.7652988079774157,Young (<30)
886,20,Male,Palestinian Territory,21,Drama,84.9654387537253,43,11,Night,4.516107939973304,Young (<30)
887,24,Male,Suriname,49,Comedy,165.20544878264835,55,12,Evening,3.8292234297634145,Young (<30)
888,29,Female,Switzerland,30,Comedy,176.30022083487543,60,14,Evening,1.6632628145280788,Young (<30)
889,39,Female,Greece,51,Drama,231.0,41,11,Afternoon,4.28122085492719,Middle (30-50)
890,55,Female,Palestinian Territory,36,Comedy,14.14013375781465,51,12,Afternoon,4.846205270378337,Senior (>50)
891,50,Male,Mozambique,51,Romance,194.0,51,8,Evening,2.391708173287628,Middle (30-50)
892,52,Male,Mongolia,22,Romance,124.20603664134697,46,9,Evening,4.645968971810881,Senior (>50)
893,61,Male,Bahrain,51,Horror,201.7112084498883,58,10,Night,1.2931122544574734,Senior (>50)
894,19,Female,Uganda,8,Comedy,145.9123869237855,52,8,Night,1.4940217032048835,Young (<30)
895,17,Male,Taiwan,37,Drama,83.04929483513901,60,9,Morning,2.2780089399229975,Young (<30)
896,27,Female,Gibraltar,60,Comedy,115.27904851981933,66,4,Night,3.66574362986974,Young (<30)
897,54,Male,Cameroon,51,Romance,45.36515314874801,68,14,Night,2.882887125803449,Senior (>50)
898,23,Female,Panama,6,Comedy,237.85372018862137,58,6,Evening,4.409797282877518,Young (<30)
899,36,Female,Bermuda,30,Horror,34.0,42,10,Afternoon,2.7,Middle (30-50)
900,31,Female,Moldova,25,Romance,121.0,53,7,Evening,5.0,Middle (30-50)
901,27,Female,Cote d'Ivoire,38,Drama,32.25504065934707,63,7,Night,1.7751030778393249,Young (<30)
902,25,Male,Cote d'Ivoire,20,Romance,72.94083043156245,47,6,Morning,1.229722291101444,Young (<30)
903,24,Male,Serbia,57,Action,86.82607567856407,58,9,Afternoon,3.216678013329193,Young (<30)
904,25,Male,Macao,54,Romance,197.14320257269074,56,6,Morning,1.5715416174421974,Young (<30)
905,40,Female,Kenya,55,Horror,45.0,71,11,Morning,1.9977112219587727,Middle (30-50)
906,39,Female,Japan,56,Romance,10.0,52,6,Afternoon,1.982067320174303,Middle (30-50)
907,65,Female,Faroe Islands,18,Romance,55.35735241289238,51,8,Night,5.0,Senior (>50)
908,29,Female,New Caledonia,45,Drama,101.95636403265077,57,10,Afternoon,2.6014645757418275,Young (<30)
909,53,Male,Nauru,10,Romance,113.81604946845829,39,9,Evening,1.1712673675735634,Senior (>50)
910,55,Female,Czech Republic,18,Drama,142.44189491375874,48,5,Afternoon,3.5875111115815304,Senior (>50)
911,35,Female,South Africa,58,Drama,91.0,56,6,Afternoon,1.7621203123791986,Middle (30-50)
912,44,Male,Portugal,42,Action,152.24808975091386,51,9,Night,1.7777593053186775,Middle (30-50)
913,41,Male,Puerto Rico,44,Comedy,114.0,52,7,Evening,3.091221952819394,Middle (30-50)
914,39,Female,Haiti,25,Drama,42.0,45,14,Afternoon,3.03172408549948,Middle (30-50)
915,59,Female,Saudi Arabia,7,Drama,102.51395707030156,59,8,Night,4.802669814260191,Senior (>50)
916,23,Male,Palau,44,Romance,190.65056400800245,47,11,Morning,2.2942812101768375,Young (<30)
917,18,Male,Cambodia,25,Romance,143.2671966506624,54,7,Morning,3.4736288077076396,Young (<30)
918,23,Female,Benin,49,Romance,160.39842321768703,57,13,Night,2.5969794490050635,Young (<30)
919,31,Female,Bahamas,44,Action,43.0,68,10,Night,3.7853087270597445,Middle (30-50)
920,36,Female,French Southern Territories,33,Drama,132.0,56,7,Morning,4.601719529162979,Middle (30-50)
921,19,Male,Tanzania,58,Action,183.01804823394008,55,13,Evening,3.1677853516993935,Young (<30)
922,63,Female,Iraq,37,Romance,87.36073220024369,69,10,Night,3.9976428218256523,Senior (>50)
923,25,Female,Nicaragua,56,Action,60.43553378955268,49,9,Evening,1.0,Young (<30)
924,57,Female,Afghanistan,51,Romance,114.84675870426557,39,12,Afternoon,1.8114038832756023,Senior (>50)
925,69,Female,Indonesia,43,Horror,72.72659231664264,55,10,Morning,5.0,Senior (>50)
926,42,Female,Mauritius,38,Action,181.0,67,6,Night,3.001092279188984,Middle (30-50)
927,51,Male,Reunion,57,Romance,116.88040695248093,45,9,Morning,5.0,Senior (>50)
928,17,Female,Iran,35,Action,247.05528235931962,44,9,Night,1.951094515815197,Young (<30)
929,38,Female,Saint Vincent and the Grenadines,36,Romance,123.0,53,11,Evening,4.476549744062174,Middle (30-50)
930,48,Female,Ethiopia,18,Horror,235.0,54,14,Evening,3.3,Middle (30-50)
931,65,Male,Saudi Arabia,24,Drama,69.80547920279255,50,7,Evening,5.0,Senior (>50)
932,15,Female,Nauru,6,Drama,139.1437304195105,41,7,Evening,3.3945414091137915,Young (<30)
933,22,Female,Wallis and Futuna,45,Romance,145.81961784724527,52,11,Evening,2.110220308362111,Young (<30)
934,20,Male,American Samoa,36,Drama,142.483352363015,45,14,Evening,2.0085134795192405,Young (<30)
935,31,Male,Iceland,12,Action,219.89259533666143,56,11,Afternoon,2.7,Middle (30-50)
936,47,Male,Mauritania,47,Drama,173.0,58,13,Night,1.3287349143441187,Middle (30-50)
937,49,Female,Cook Islands,21,Drama,74.0,46,13,Night,2.644403920713246,Middle (30-50)
938,24,Female,Belarus,8,Romance,254.85151946462491,49,13,Morning,4.254056518650083,Young (<30)
939,34,Female,Benin,58,Drama,16.0,58,6,Morning,3.0710933644124583,Middle (30-50)
940,60,Male,Saint Helena,60,Action,120.20302635551947,60,6,Night,3.6237453560160593,Senior (>50)
941,27,Female,Gabon,56,Drama,59.17407361756393,57,5,Morning,1.3307323226586267,Young (<30)
942,35,Female,Cyprus,25,Romance,206.0,58,11,Evening,4.7681959109603405,Middle (30-50)
943,60,Male,Saint Lucia,13,Romance,136.81386899544614,57,10,Morning,1.6176241961343403,Senior (>50)
944,28,Male,Yemen,41,Horror,134.20736269856903,59,12,Morning,1.0386988701156612,Young (<30)
945,49,Male,Libyan Arab Jamahiriya,28,Comedy,301.0,43,11,Afternoon,3.7,Middle (30-50)
946,64,Female,Jordan,7,Horror,100.8635108029535,66,6,Afternoon,2.0746975889029855,Senior (>50)
947,47,Male,Bosnia and Herzegovina,6,Drama,115.0,44,7,Evening,2.0,Middle (30-50)
948,23,Male,Brunei Darussalam,28,Comedy,75.92588018736816,55,12,Evening,3.993824097315675,Young (<30)
949,38,Male,Sao Tome and Principe,53,Comedy,247.0,62,5,Afternoon,1.9023923239480618,Middle (30-50)
950,57,Female,French Southern Territories,60,Comedy,252.51597848948458,53,8,Night,1.5685041712160968,Senior (>50)
951,60,Female,Timor-Leste,60,Romance,193.88447348809925,67,12,Evening,5.0,Senior (>50)
952,16,Female,Egypt,4,Romance,99.74506279482802,63,12,Morning,1.5093895720174637,Young (<30)
953,46,Male,Cuba,45,Drama,127.0,62,10,Morning,5.0,Middle (30-50)
954,21,Male,Antigua and Barbuda,21,Drama,158.08592999824023,44,10,Evening,1.3740616378180845,Young (<30)
955,63,Female,Zambia,51,Romance,115.93292198968753,63,11,Afternoon,5.0,Senior (>50)
956,40,Female,Equatorial Guinea,24,Horror,64.0,60,13,Morning,3.0,Middle (30-50)
957,21,Female,Kazakhstan,22,Horror,20.87052227977816,59,11,Morning,1.0846019582577893,Young (<30)
958,18,Female,Martinique,60,Action,89.01801746788452,55,9,Afternoon,4.27367934234687,Young (<30)
959,52,Female,Niger,20,Romance,174.84351887061587,63,8,Evening,1.4726016538135893,Senior (>50)
960,21,Male,Dominican Republic,36,Action,175.49044045465376,51,9,Night,1.201951218269383,Young (<30)
961,64,Female,New Caledonia,11,Comedy,84.5207815840437,41,10,Night,5.0,Senior (>50)
962,45,Male,Djibouti,14,Romance,219.0,56,11,Morning,1.7,Middle (30-50)
963,44,Female,Trinidad and Tobago,56,Action,54.0,47,10,Night,5.0,Middle (30-50)
964,26,Male,French Polynesia,5,Horror,159.6820186160448,55,7,Evening,1.0,Young (<30)
965,33,Female,Marshall Islands,53,Action,128.0,62,10,Afternoon,4.032272021988648,Middle (30-50)
966,45,Male,Denmark,17,Comedy,25.0,35,12,Afternoon,1.7,Middle (30-50)
967,57,Male,Mali,60,Drama,144.38254384221162,53,14,Evening,4.620589132950789,Senior (>50)
968,24,Female,Tonga,33,Horror,138.78883409623106,59,16,Evening,3.6532622454826122,Young (<30)
969,63,Male,Swaziland,23,Drama,98.61980746674578,51,10,Morning,4.503364326863232,Senior (>50)
970,65,Female,Nauru,33,Action,86.5270436696583,44,11,Night,5.0,Senior (>50)
971,25,Female,Togo,5,Comedy,71.29392657820127,40,7,Evening,2.9751217949121314,Young (<30)
972,14,Male,Netherlands,43,Horror,8.857864391444616,47,8,Afternoon,4.4126538322497995,Young (<30)
973,55,Male,Mozambique,59,Drama,106.81767456106,61,9,Evening,3.037589211033166,Senior (>50)
974,52,Male,Italy,1,Comedy,-0.5078068097954853,41,17,Morning,1.7513076256985232,Senior (>50)
975,68,Female,Burundi,7,Romance,134.34873830398558,50,9,Morning,1.6681414939655763,Senior (>50)
976,45,Female,Latvia,42,Romance,35.0,61,6,Afternoon,5.0,Middle (30-50)
977,62,Female,Bhutan,17,Horror,70.059668256606,63,10,Night,3.322166984731503,Senior (>50)
978,23,Male,Western Sahara,12,Drama,112.98943775872395,58,8,Morning,3.2142544513780726,Young (<30)
979,32,Male,Guatemala,50,Horror,68.0814249072723,52,8,Evening,1.4576697836010775,Middle (30-50)
980,46,Female,Gibraltar,25,Comedy,87.0,50,7,Evening,1.3,Middle (30-50)
981,56,Female,Swaziland,52,Drama,21.596519730640157,41,10,Night,3.2090341911361313,Senior (>50)
982,29,Female,Lithuania,25,Horror,163.00319577370226,33,8,Night,3.7641113897222356,Young (<30)
983,23,Male,Northern Mariana Islands,39,Horror,159.57102762475955,50,8,Evening,3.5011916186422347,Young (<30)
984,49,Female,Cambodia,27,Drama,74.0,47,8,Afternoon,2.352847261556208,Middle (30-50)
985,52,Female,Palestinian Territory,54,Action,162.38459061630684,46,10,Evening,5.0,Senior (>50)
986,35,Male,Bhutan,43,Drama,124.0,45,9,Afternoon,2.9307580428713074,Middle (30-50)
987,20,Female,Spain,38,Drama,125.99229652149698,64,11,Afternoon,2.8140847093847476,Young (<30)
988,27,Male,Guatemala,47,Horror,230.25864828546827,47,11,Morning,1.6486067858747877,Young (<30)
989,26,Female,Guyana,13,Action,117.75313332684804,48,9,Night,3.538815371487963,Young (<30)
990,64,Female,Namibia,21,Action,95.98921476658599,58,7,Morning,2.195695531611308,Senior (>50)
991,48,Female,Ethiopia,44,Horror,141.0,51,11,Night,3.6353224085306253,Middle (30-50)
992,32,Male,Mozambique,6,Romance,133.0,58,8,Morning,4.7,Middle (30-50)
993,52,Male,Christmas Island,7,Horror,97.06548860244483,57,14,Afternoon,5.0,Senior (>50)
994,41,Female,Ireland,8,Horror,84.0,43,9,Afternoon,1.9,Middle (30-50)
995,60,Male,Georgia,11,Drama,106.53791017330971,53,13,Morning,5.0,Senior (>50)
996,16,Male,Moldova,5,Drama,133.696690665233,46,11,Morning,4.369077607085582,Young (<30)
997,31,Female,Philippines,60,Romance,152.0,61,16,Night,2.552769586028659,Middle (30-50)
998,44,Female,Timor-Leste,26,Comedy,26.0,48,13,Evening,1.2,Middle (30-50)
999,37,Male,Croatia,28,Action,82.98123108585969,60,12,Afternoon,4.8,Middle (30-50)
1000,36,Female,Congo,54,Romance,161.0,52,11,Afternoon,4.789220903908504,Middle (30-50)
