CustomerID,Age,Gender,Country,TravelFrequency,PreferredDestination,TripDuration,TripCost,TravelClass,BookingMethod,Review
1,56,Male,Spain,2,Cultural,7,13568.54,Business,In-person,4
2,69,Male,Greece,2,Nature,10,4848.26,Economy,Phone,2
3,46,Female,Italy,4,Adventure,7,4372.33,Economy,In-person,2
4,32,Male,France,3,Historical,14,6246.87,Business,Online,2
5,60,Male,Spain,2,Cultural,7,8065.8,Economy,Phone,2
6,25,Female,Canada,1,Beach,7,1183.31,Economy,Phone,4
7,78,Male,Greece,1,Cultural,5,14202.67,Economy,In-person,1
8,38,Male,Italy,2,Historical,10,9760.35,Business,Phone,1
9,56,Male,Spain,2,Nature,10,7415.91,Business,Phone,4
10,75,Male,Greece,2,Cultural,5,11650.33,Economy,In-person,1
11,36,Male,Italy,2,Historical,7,3282.92,Economy,In-person,1
12,40,Female,Italy,3,Adventure,10,11118.71,Business,Online,3
13,28,Male,USA,2,Beach,10,826.15,Economy,Online,4
14,28,Male,Canada,2,Beach,7,1747.19,Economy,Phone,1
15,41,Male,France,2,Adventure,7,8740.72,Business,Phone,3
16,70,Male,Spain,1,Cultural,5,8335.19,Economy,Phone,4
17,53,Male,Greece,2,Cultural,10,10086.95,Business,Phone,4
18,57,Female,Greece,2,Nature,10,9345.45,Business,Phone,2
19,41,Male,France,1,Historical,7,3224.63,Economy,Online,3
20,20,Female,USA,3,Beach,5,3523.33,Business,Online,3
21,39,Female,Italy,4,Historical,7,3610.2,Economy,Online,3
22,70,Male,Greece,1,Cultural,7,10743.35,Economy,In-person,4
23,19,Male,Canada,4,Beach,10,1817.76,Economy,Online,2
24,41,Male,Italy,3,Adventure,10,2225.54,Economy,Phone,4
25,61,Male,Greece,2,Cultural,7,13398.29,Economy,Phone,1
26,47,Female,France,4,Historical,10,7130.74,Business,In-person,1
27,55,Male,Spain,1,Nature,14,4078.06,Economy,Phone,1
28,19,Male,Canada,2,Beach,5,4211.08,Business,Online,2
29,77,Male,Greece,1,Nature,10,9500.08,Business,Phone,4
30,38,Male,Italy,1,Historical,7,3267.42,Economy,Phone,3
31,50,Male,Greece,1,Cultural,5,7217.17,Business,In-person,1
32,29,Male,USA,3,City,4,1270.35,Economy,Phone,1
33,75,Female,Greece,1,Nature,10,12140.54,Business,In-person,4
34,39,Female,France,3,Historical,14,8365.76,Business,In-person,3
35,78,Male,Spain,2,Cultural,7,11692.95,Economy,Phone,2
36,61,Male,Spain,2,Nature,7,10826.73,Business,In-person,1
37,42,Male,France,2,Adventure,7,8585.56,Business,Phone,1
38,66,Female,Spain,1,Nature,10,8236.95,Business,In-person,1
39,44,Male,France,3,Historical,7,1558.44,Economy,Online,3
40,76,Female,Greece,1,Nature,14,6212.35,Business,In-person,1
41,59,Male,Greece,2,Nature,14,4585.9,Economy,Phone,3
42,45,Male,France,1,Historical,14,2894.69,Economy,Online,1
43,77,Male,Greece,1,Cultural,5,7637.96,Business,Phone,1
44,33,Male,France,2,Adventure,10,6076.21,Business,In-person,3
45,32,Female,France,4,Adventure,7,3075.28,Economy,In-person,3
46,79,Female,Spain,1,Nature,7,6635.02,Business,In-person,2
47,79,Male,Greece,1,Cultural,5,9130.72,Economy,In-person,4
48,64,Male,Greece,2,Cultural,10,14810.69,Economy,Phone,1
49,79,Female,Greece,2,Cultural,5,9184.92,Business,In-person,1
50,68,Female,Spain,1,Cultural,5,10144.83,Business,Phone,4
51,61,Female,Greece,1,Cultural,7,11877.79,Business,In-person,4
52,72,Female,Spain,1,Nature,14,11836.48,Business,Phone,4
53,69,Male,Greece,1,Cultural,7,14549.05,Economy,Phone,1
54,74,Female,Spain,1,Nature,7,13718.08,Business,Phone,1
55,20,Male,Canada,4,City,3,1282.42,Economy,Online,1
56,54,Female,Greece,1,Cultural,10,14564.65,Economy,In-person,3
57,68,Female,Spain,2,Cultural,5,8076.89,Economy,Phone,2
58,24,Female,Canada,1,City,7,1615.8,Economy,Online,2
59,38,Female,France,3,Historical,7,4967.27,Business,Phone,4
60,26,Female,Canada,1,Beach,7,4492.38,Business,Online,4
61,56,Male,Spain,1,Cultural,10,14796.78,Economy,Phone,1
62,35,Male,Italy,2,Historical,14,1605.32,Economy,Online,2
63,21,Female,USA,1,City,4,6454.59,Business,Online,2
64,42,Female,France,2,Historical,7,9224.96,Business,Phone,3
65,77,Male,Spain,2,Nature,10,9416.11,Business,Phone,1
66,31,Female,Italy,3,Adventure,5,3515.57,Economy,Online,1
67,67,Female,Greece,1,Cultural,10,6273.63,Business,In-person,2
68,75,Male,Greece,2,Cultural,7,12253.53,Business,Phone,2
69,26,Female,Canada,1,Beach,5,1899.42,Economy,Online,3
70,43,Female,Italy,3,Adventure,7,3846.85,Economy,In-person,3
71,70,Male,Greece,1,Nature,14,5916.73,Economy,In-person,1
72,19,Male,Canada,2,City,3,4206.12,Business,Online,3
73,37,Male,Italy,4,Historical,7,3812.01,Economy,Online,2
74,45,Female,France,3,Historical,14,2324.12,Economy,Phone,1
75,64,Male,Spain,2,Cultural,7,6960.18,Economy,In-person,2
76,77,Male,Spain,1,Cultural,10,6491.31,Business,Phone,1
77,24,Male,Canada,1,City,4,3335.33,Business,Phone,1
78,61,Male,Spain,2,Cultural,7,13288.75,Business,In-person,2
79,78,Male,Spain,1,Cultural,10,7084.7,Business,In-person,1
80,25,Male,USA,4,City,3,6534.5,Business,Phone,1
81,64,Female,Spain,2,Cultural,10,13020.23,Economy,Phone,3
82,52,Female,Spain,1,Nature,10,3744.66,Economy,In-person,2
83,31,Male,France,4,Adventure,5,4703.95,Economy,Phone,2
84,34,Male,Italy,4,Adventure,10,2672.94,Economy,In-person,3
85,53,Male,Greece,2,Cultural,5,12092.62,Economy,Phone,1
86,67,Female,Greece,1,Nature,10,10588.05,Business,In-person,4
87,57,Female,Spain,2,Cultural,10,14486.69,Economy,Phone,4
88,21,Female,Canada,4,Beach,10,2826.13,Business,Online,2
89,19,Female,Canada,3,Beach,10,842.97,Economy,Online,3
90,79,Female,Spain,1,Cultural,7,8939.7,Business,Phone,1
91,23,Female,Canada,4,Beach,7,1819.53,Economy,Online,3
92,71,Female,Spain,2,Cultural,5,10481.45,Business,Phone,1
93,59,Female,Spain,2,Cultural,5,9188.27,Economy,In-person,2
94,21,Female,Canada,1,City,3,1689.42,Economy,Online,2
95,71,Male,Greece,2,Cultural,7,7199.07,Business,In-person,4
96,46,Male,France,4,Historical,7,4378.16,Business,Online,3
97,35,Male,France,2,Adventure,7,8865.08,Business,Online,2
98,43,Male,Italy,3,Historical,14,7918.81,Business,Phone,3
99,61,Female,Spain,1,Nature,7,2533.93,Economy,Phone,2
100,51,Female,Spain,1,Nature,7,13439.5,Business,Phone,1
101,27,Male,Canada,3,Beach,7,2255.64,Business,Online,1
102,79,Female,Spain,1,Cultural,7,9709.01,Business,In-person,4
103,53,Male,Greece,1,Nature,10,12664.65,Business,In-person,2
104,31,Female,France,3,Adventure,5,4854.68,Economy,In-person,4
105,48,Male,France,2,Historical,14,1876.64,Economy,Online,4
106,65,Female,Spain,2,Cultural,10,7123.18,Economy,In-person,2
107,32,Female,France,3,Historical,7,5904.43,Business,Phone,2
108,25,Male,USA,2,Beach,5,1452.47,Economy,Online,1
109,31,Female,France,3,Adventure,10,9260.83,Business,Online,4
110,40,Male,Italy,4,Historical,14,9023.05,Business,Phone,1
111,77,Male,Greece,1,Cultural,5,9226.7,Business,Phone,3
112,74,Male,Spain,2,Nature,7,11016.34,Business,In-person,3
113,79,Male,Greece,1,Cultural,5,9711.63,Business,Phone,4
114,57,Female,Spain,2,Cultural,5,7520.72,Business,Phone,4
115,38,Female,France,4,Historical,7,3616.3,Economy,Phone,2
116,33,Female,France,3,Adventure,10,8011.15,Business,Phone,2
117,62,Male,Spain,2,Nature,7,6519.3,Business,In-person,4
118,35,Female,France,1,Historical,14,2030.45,Economy,Phone,4
119,64,Male,Spain,2,Nature,10,13161.46,Business,In-person,3
120,70,Female,Spain,2,Cultural,5,9057.67,Business,In-person,1
121,41,Female,France,4,Adventure,10,2758.02,Economy,In-person,3
122,43,Female,Italy,3,Adventure,5,5673.44,Business,Online,3
123,42,Male,Italy,4,Historical,10,6254.2,Business,Phone,1
124,77,Female,Spain,1,Cultural,7,7072.44,Business,In-person,4
125,77,Female,Greece,2,Nature,7,10510.06,Business,In-person,4
126,77,Male,Spain,2,Cultural,7,11815.71,Economy,In-person,3
127,62,Female,Spain,2,Nature,10,11396.89,Business,Phone,3
128,58,Male,Greece,1,Nature,10,3762.75,Economy,Phone,1
129,46,Female,Italy,1,Historical,7,9516.37,Business,Online,2
130,32,Male,France,3,Adventure,7,9155.3,Business,In-person,2
131,62,Male,Greece,2,Nature,10,4659.56,Economy,In-person,4
132,18,Female,USA,2,Beach,10,1515.75,Economy,Online,2
133,42,Male,France,1,Historical,14,8980.86,Business,Phone,4
134,24,Male,USA,4,City,3,1188.91,Economy,Phone,4
135,26,Male,Canada,1,Beach,7,1603.87,Economy,Phone,4
136,41,Male,Italy,4,Historical,14,2483.79,Economy,In-person,1
137,18,Male,USA,1,City,3,4142.63,Business,Phone,3
138,61,Male,Greece,2,Cultural,5,8901.8,Business,In-person,2
139,25,Female,USA,1,Beach,7,3980.36,Business,Phone,1
140,41,Male,Italy,3,Adventure,7,4343.29,Economy,Phone,2
141,28,Male,Canada,3,Beach,10,4691.39,Business,Phone,1
142,68,Female,Spain,2,Cultural,7,7980.36,Economy,In-person,2
143,34,Female,France,4,Adventure,5,3286.86,Economy,Phone,2
144,25,Female,USA,2,Beach,7,1743.73,Economy,Phone,3
145,52,Female,Greece,1,Cultural,5,7733.38,Business,In-person,2
146,52,Female,Spain,1,Cultural,10,12860.4,Economy,Phone,1
147,50,Female,Spain,1,Cultural,7,6549.25,Economy,Phone,2
148,76,Female,Spain,1,Nature,14,5749.47,Economy,In-person,3
149,22,Male,Canada,4,Beach,7,4339.53,Business,Online,2
150,59,Male,Greece,2,Nature,14,3949.34,Economy,In-person,1
151,56,Female,Greece,1,Nature,14,4880.85,Economy,In-person,2
152,75,Male,Greece,2,Nature,10,12212.3,Business,Phone,3
153,58,Male,Greece,1,Cultural,7,10243.11,Economy,Phone,3
154,45,Male,Italy,1,Adventure,5,8804.32,Business,Online,3
155,24,Female,USA,1,City,4,2176.14,Economy,Online,3
156,26,Female,Canada,3,Beach,7,4950.79,Business,Phone,4
157,25,Male,Canada,1,Beach,10,1966.3,Economy,Phone,3
158,29,Female,Canada,3,Beach,10,1798.97,Economy,Phone,2
159,51,Male,Spain,2,Cultural,7,9153.07,Economy,Phone,2
160,50,Male,Greece,2,Cultural,7,6775.61,Business,Phone,2
161,65,Male,Greece,1,Cultural,5,7673.41,Economy,Phone,2
162,72,Male,Spain,2,Cultural,10,7705.52,Business,In-person,4
163,40,Female,France,2,Historical,14,4322.65,Business,Phone,4
164,79,Female,Greece,1,Nature,14,9659.27,Business,In-person,4
165,41,Female,France,1,Adventure,10,2938.65,Economy,Phone,2
166,54,Male,Spain,2,Nature,7,12380.56,Business,Phone,1
167,52,Female,Spain,2,Cultural,7,7728.45,Business,In-person,1
168,61,Male,Greece,1,Cultural,10,11066.25,Economy,In-person,2
169,57,Female,Spain,1,Nature,7,5032.97,Economy,In-person,3
170,39,Male,Italy,4,Adventure,7,3792.63,Economy,Online,3
171,44,Male,Italy,4,Adventure,10,9477.02,Business,Online,2
172,52,Male,Spain,1,Cultural,5,12656.5,Economy,In-person,3
173,18,Female,Canada,3,Beach,7,2625.46,Business,Phone,3
174,52,Female,Greece,1,Cultural,10,12582.8,Economy,In-person,1
175,54,Female,Greece,2,Cultural,5,8453.9,Economy,Phone,2
176,64,Female,Greece,2,Nature,7,4865.49,Economy,In-person,4
177,31,Male,France,3,Adventure,7,9876.67,Business,Online,1
178,20,Female,USA,2,City,7,6542.97,Business,Online,2
179,18,Female,Canada,4,Beach,10,4741.77,Business,Online,2
180,22,Male,Canada,4,Beach,5,1026.07,Economy,Phone,1
181,43,Male,Italy,2,Adventure,10,9952.88,Business,Phone,3
182,72,Male,Spain,2,Nature,10,14057.84,Business,Phone,3
183,31,Female,Italy,2,Historical,14,2904.23,Economy,Phone,1
184,56,Male,Greece,1,Nature,14,4868.4,Economy,Phone,2
185,44,Male,France,1,Adventure,5,2675.0,Economy,Phone,4
186,26,Male,Canada,2,City,4,1265.82,Economy,Phone,2
187,32,Female,Italy,2,Adventure,5,8719.17,Business,In-person,4
188,32,Male,France,4,Historical,7,7750.32,Business,In-person,4
189,43,Female,Italy,2,Historical,7,1717.01,Economy,Phone,2
190,59,Female,Spain,2,Nature,14,8156.29,Business,In-person,2
191,77,Male,Spain,1,Nature,10,10618.74,Business,Phone,2
192,30,Male,France,3,Historical,7,4755.8,Business,In-person,4
193,68,Female,Greece,1,Nature,7,10025.17,Business,In-person,3
194,49,Male,Italy,1,Historical,7,2033.09,Economy,Online,4
195,56,Male,Greece,1,Cultural,5,10072.72,Economy,In-person,4
196,66,Female,Spain,1,Cultural,5,11493.48,Business,In-person,4
197,69,Female,Spain,1,Cultural,5,13400.36,Economy,Phone,1
198,78,Male,Spain,2,Cultural,7,7624.29,Business,Phone,3
199,49,Female,Italy,3,Adventure,7,4036.65,Economy,Phone,4
200,21,Male,Canada,4,City,4,4103.52,Business,Phone,4
201,47,Male,France,4,Adventure,10,11121.07,Business,In-person,1
202,54,Male,Spain,1,Cultural,7,8909.1,Economy,Phone,4
203,40,Female,Italy,4,Adventure,7,6746.87,Business,In-person,3
204,56,Male,Greece,1,Cultural,10,13173.95,Business,In-person,4
205,62,Male,Greece,2,Cultural,7,8951.45,Business,In-person,3
206,32,Male,Italy,1,Historical,10,4351.71,Business,Online,3
207,60,Female,Spain,1,Nature,14,5145.19,Economy,In-person,2
208,46,Female,France,4,Historical,7,3763.96,Economy,In-person,1
209,53,Female,Greece,1,Nature,10,4213.86,Economy,In-person,1
210,30,Female,Italy,4,Adventure,10,10424.93,Business,In-person,1
211,49,Female,Italy,4,Adventure,7,3025.1,Economy,Online,2
212,24,Male,USA,1,City,7,6109.12,Business,Phone,2
213,76,Female,Greece,2,Nature,7,5334.96,Economy,Phone,3
214,68,Female,Spain,2,Cultural,10,8672.26,Business,Phone,1
215,39,Female,France,2,Historical,10,3884.58,Economy,Phone,2
216,45,Male,Italy,1,Adventure,5,9681.6,Business,In-person,2
217,19,Female,Canada,2,City,4,3350.18,Business,Phone,2
218,59,Female,Greece,2,Nature,10,11832.99,Business,Phone,3
219,62,Male,Spain,1,Nature,10,6530.12,Business,Phone,4
220,79,Female,Greece,1,Nature,14,5284.71,Economy,Phone,2
221,74,Male,Greece,1,Nature,10,3413.64,Economy,Phone,2
222,70,Male,Greece,1,Nature,14,2927.89,Economy,Phone,2
223,23,Male,Canada,4,City,4,1845.49,Economy,Online,1
224,45,Male,France,2,Adventure,7,4411.63,Economy,In-person,1
225,45,Male,France,3,Adventure,5,2961.47,Economy,Phone,2
226,61,Female,Spain,1,Nature,7,6098.53,Business,In-person,3
227,61,Male,Spain,1,Cultural,5,13971.54,Business,Phone,4
228,37,Male,France,3,Historical,10,2262.78,Economy,In-person,1
229,47,Female,France,1,Historical,14,2497.05,Economy,Online,4
230,79,Male,Greece,2,Cultural,7,8521.57,Economy,Phone,2
231,28,Female,Canada,3,Beach,10,3075.21,Business,Online,1
232,75,Female,Greece,2,Nature,14,3088.06,Economy,Phone,4
233,72,Female,Greece,1,Nature,14,12940.64,Business,In-person,2
234,45,Male,Italy,2,Adventure,5,3984.83,Economy,Online,1
235,42,Male,Italy,4,Historical,14,3872.51,Economy,Online,2
236,56,Male,Greece,2,Cultural,5,13357.01,Business,Phone,1
237,79,Female,Spain,1,Cultural,10,12258.14,Economy,Phone,4
238,50,Male,Greece,1,Nature,14,3306.98,Economy,In-person,4
239,18,Male,Canada,3,Beach,10,1958.61,Economy,Online,1
240,74,Male,Spain,2,Cultural,5,6377.35,Business,Phone,3
241,44,Female,France,4,Adventure,7,2291.23,Economy,Online,2
242,79,Female,Greece,2,Cultural,7,14720.54,Business,Phone,4
243,74,Male,Spain,2,Cultural,7,11897.35,Economy,Phone,3
244,69,Male,Spain,2,Cultural,10,8019.35,Business,In-person,1
245,30,Male,Italy,3,Historical,10,4288.07,Business,In-person,4
246,58,Male,Greece,1,Nature,14,14789.86,Business,In-person,4
247,20,Female,Canada,3,Beach,7,2919.37,Business,Online,2
248,56,Female,Spain,1,Cultural,7,11053.76,Business,In-person,3
249,23,Female,Canada,1,Beach,10,2917.28,Business,Phone,2
250,25,Female,Canada,1,Beach,5,3225.26,Business,Phone,1
251,44,Male,Italy,3,Historical,14,2431.82,Economy,In-person,4
252,26,Male,Canada,2,Beach,5,2240.67,Business,Phone,3
253,79,Male,Spain,2,Cultural,10,11943.57,Business,In-person,2
254,54,Female,Greece,2,Cultural,7,10941.43,Business,Phone,3
255,50,Male,Spain,2,Cultural,5,8506.0,Economy,Phone,1
256,68,Female,Greece,2,Nature,14,4485.91,Economy,Phone,4
257,59,Female,Spain,2,Nature,14,10847.68,Business,In-person,3
258,61,Male,Greece,1,Nature,14,2991.27,Economy,Phone,1
259,41,Male,Italy,1,Historical,14,4747.09,Business,Phone,1
260,32,Male,France,1,Historical,10,2746.23,Economy,Online,4
261,76,Female,Spain,2,Nature,10,4043.08,Economy,Phone,2
262,71,Male,Spain,1,Nature,14,3760.0,Economy,In-person,4
263,49,Female,Italy,1,Adventure,5,4392.56,Economy,Phone,4
264,49,Male,Italy,2,Historical,14,9589.5,Business,Online,3
265,41,Female,France,2,Adventure,5,10249.42,Business,Online,3
266,58,Female,Greece,2,Cultural,7,12496.29,Economy,In-person,2
267,69,Male,Greece,1,Cultural,5,14577.04,Economy,In-person,1
268,66,Female,Spain,2,Cultural,5,12782.03,Economy,Phone,3
269,79,Female,Spain,2,Nature,10,7615.04,Business,In-person,2
270,66,Male,Greece,2,Nature,10,14419.69,Business,In-person,4
271,75,Female,Greece,2,Cultural,7,9529.2,Business,In-person,1
272,69,Male,Greece,1,Nature,7,10267.7,Business,In-person,4
273,29,Female,USA,3,City,7,4134.24,Business,Online,1
274,79,Male,Spain,1,Cultural,7,8524.92,Business,Phone,3
275,56,Male,Spain,2,Nature,14,14055.4,Business,Phone,4
276,19,Female,USA,1,Beach,7,2140.33,Business,Phone,4
277,20,Female,USA,1,Beach,5,1078.61,Economy,Online,1
278,66,Female,Greece,2,Cultural,10,8160.3,Economy,Phone,2
279,54,Female,Spain,1,Nature,14,3928.15,Economy,In-person,1
280,66,Female,Spain,1,Cultural,5,12967.79,Economy,Phone,3
281,73,Male,Greece,1,Cultural,10,8666.81,Economy,Phone,2
282,34,Female,France,4,Historical,7,6989.01,Business,Online,4
283,76,Male,Greece,2,Cultural,5,12334.86,Economy,Phone,4
284,66,Male,Spain,2,Cultural,5,11062.6,Business,Phone,4
285,19,Female,Canada,1,Beach,5,1531.01,Economy,Online,3
286,19,Male,USA,1,City,4,6543.66,Business,Online,4
287,45,Male,France,1,Historical,14,8265.14,Business,Phone,4
288,71,Male,Greece,1,Cultural,5,12032.39,Business,Phone,2
289,40,Male,Italy,1,Historical,10,2528.35,Economy,Phone,3
290,54,Female,Spain,1,Cultural,10,9946.12,Economy,Phone,4
291,49,Male,Italy,1,Adventure,7,2839.09,Economy,Phone,2
292,50,Female,Greece,2,Cultural,7,6209.04,Economy,Phone,4
293,18,Female,Canada,3,Beach,5,907.83,Economy,Online,2
294,36,Male,France,4,Historical,7,1752.81,Economy,Online,4
295,79,Female,Spain,2,Cultural,7,6318.07,Economy,Phone,3
296,19,Female,USA,4,City,4,1469.48,Economy,Phone,1
297,70,Female,Greece,2,Nature,14,14896.29,Business,In-person,3
298,61,Male,Spain,1,Nature,10,4102.66,Economy,In-person,2
299,43,Female,France,2,Adventure,7,3941.19,Economy,In-person,4
300,49,Female,Italy,1,Adventure,5,2166.74,Economy,In-person,3
301,23,Female,USA,1,Beach,7,4577.23,Business,Phone,4
302,49,Male,Italy,4,Adventure,7,8059.6,Business,Phone,3
303,72,Female,Greece,2,Cultural,5,8626.54,Business,In-person,2
304,21,Male,USA,3,City,3,4796.38,Business,Online,1
305,72,Male,Greece,1,Cultural,5,14978.14,Business,Phone,3
306,28,Male,USA,4,Beach,10,2167.0,Business,Phone,4
307,73,Male,Spain,1,Cultural,7,8784.61,Economy,In-person,4
308,76,Male,Greece,1,Nature,14,2862.3,Economy,Phone,4
309,34,Male,Italy,4,Historical,14,2362.26,Economy,Phone,2
310,55,Female,Spain,1,Nature,7,2743.97,Economy,Phone,2
311,41,Male,France,2,Historical,10,2287.19,Economy,Phone,1
312,22,Female,Canada,2,City,3,1593.4,Economy,Online,4
313,69,Female,Spain,2,Cultural,5,8550.23,Business,In-person,1
314,51,Male,Spain,1,Cultural,10,13747.39,Business,In-person,4
315,23,Female,USA,3,Beach,5,2921.36,Business,Phone,3
316,39,Female,France,3,Adventure,5,4453.1,Economy,In-person,3
317,28,Female,USA,3,Beach,10,1123.56,Economy,Phone,3
318,65,Female,Greece,2,Nature,10,7974.61,Business,In-person,4
319,33,Male,Italy,1,Adventure,10,3254.61,Economy,Phone,3
320,50,Female,Greece,2,Cultural,5,10682.6,Economy,Phone,4
321,26,Male,USA,1,Beach,10,3502.79,Business,Phone,1
322,77,Female,Spain,2,Nature,14,8654.84,Business,Phone,2
323,76,Female,Spain,1,Nature,10,5787.24,Economy,Phone,3
324,23,Male,USA,1,City,4,2032.53,Economy,Online,4
325,33,Female,Italy,1,Historical,10,3147.38,Economy,Phone,4
326,46,Female,Italy,2,Historical,10,9396.16,Business,Phone,1
327,20,Female,Canada,1,Beach,5,2624.26,Business,Online,1
328,37,Male,France,2,Historical,14,9486.85,Business,In-person,2
329,77,Female,Greece,1,Cultural,10,13702.93,Business,Phone,1
330,76,Male,Greece,2,Cultural,10,9678.53,Economy,In-person,2
331,53,Female,Spain,1,Nature,14,5329.86,Economy,Phone,2
332,36,Male,Italy,2,Historical,14,2880.46,Economy,In-person,1
333,43,Male,Italy,1,Adventure,7,4340.4,Economy,In-person,2
334,20,Female,Canada,4,Beach,7,1333.2,Economy,Phone,3
335,36,Female,Italy,4,Adventure,5,8190.04,Business,In-person,2
336,37,Male,France,2,Historical,14,3573.73,Economy,Phone,4
337,49,Male,France,3,Historical,10,6640.7,Business,Online,4
338,24,Female,Canada,1,City,3,2016.15,Economy,Online,4
339,69,Male,Greece,1,Nature,7,6467.08,Business,Phone,1
340,58,Female,Spain,2,Cultural,10,11342.43,Business,Phone,4
341,50,Female,Spain,2,Cultural,10,11078.08,Economy,Phone,1
342,57,Female,Greece,1,Nature,10,9514.93,Business,In-person,4
343,56,Female,Spain,2,Nature,10,11685.28,Business,In-person,2
344,35,Male,France,4,Historical,7,2139.99,Economy,Online,1
345,57,Female,Greece,2,Nature,7,7532.29,Business,In-person,4
346,18,Male,USA,2,City,7,5301.9,Business,Online,2
347,28,Female,Canada,1,Beach,10,3511.69,Business,Online,1
348,45,Male,France,4,Adventure,5,4480.39,Economy,Online,2
349,74,Female,Spain,2,Cultural,5,9038.66,Economy,In-person,2
350,42,Male,France,2,Historical,7,7511.98,Business,Phone,2
351,67,Male,Spain,2,Cultural,7,10529.79,Economy,Phone,1
352,40,Female,Italy,3,Historical,10,2359.96,Economy,Online,1
353,48,Female,Italy,4,Adventure,5,6480.55,Business,Phone,3
354,47,Female,Italy,3,Historical,7,8047.02,Business,Phone,3
355,59,Female,Greece,1,Cultural,7,13441.91,Economy,In-person,3
356,52,Male,Spain,2,Cultural,7,13648.17,Business,Phone,3
357,24,Female,USA,1,City,4,5558.97,Business,Online,1
358,77,Male,Spain,1,Nature,14,8832.05,Business,In-person,3
359,33,Male,Italy,2,Adventure,10,3835.94,Economy,In-person,4
360,43,Female,France,2,Historical,14,2821.85,Economy,In-person,3
361,65,Male,Greece,2,Cultural,10,8932.62,Business,Phone,4
362,74,Male,Spain,2,Nature,10,10035.15,Business,In-person,4
363,69,Male,Spain,1,Nature,7,4566.72,Economy,In-person,2
364,77,Male,Spain,1,Nature,10,2694.83,Economy,Phone,2
365,66,Female,Greece,1,Cultural,10,9823.76,Business,Phone,2
366,19,Female,USA,2,Beach,7,4492.87,Business,Online,3
367,18,Female,USA,1,Beach,10,1375.95,Economy,Phone,1
368,65,Female,Greece,1,Nature,14,14813.12,Business,In-person,4
369,79,Male,Spain,2,Cultural,10,6665.86,Business,Phone,1
370,29,Male,USA,4,Beach,5,2175.19,Business,Phone,1
371,22,Female,USA,4,Beach,5,1706.14,Economy,Online,3
372,54,Female,Spain,1,Cultural,7,10865.39,Business,In-person,1
373,49,Female,France,1,Historical,14,9810.46,Business,Phone,1
374,76,Male,Spain,2,Cultural,10,7850.31,Economy,In-person,2
375,72,Female,Greece,2,Cultural,10,8524.3,Business,Phone,2
376,26,Female,USA,3,City,7,7601.67,Business,Online,4
377,58,Female,Spain,1,Cultural,10,7594.36,Economy,Phone,4
378,52,Male,Spain,2,Nature,10,4940.32,Economy,Phone,2
379,36,Male,Italy,1,Historical,7,4065.44,Business,Phone,3
380,65,Male,Greece,2,Cultural,5,14870.2,Economy,Phone,3
381,33,Male,France,3,Adventure,10,9939.38,Business,Phone,4
382,20,Male,USA,3,City,7,1189.79,Economy,Online,2
383,37,Male,France,2,Historical,10,3595.23,Economy,Online,3
384,41,Male,France,3,Adventure,7,6900.39,Business,Phone,1
385,71,Male,Spain,1,Nature,7,7919.58,Business,In-person,4
386,73,Female,Spain,2,Cultural,10,9051.63,Economy,In-person,4
387,50,Female,Greece,2,Cultural,10,10618.1,Business,Phone,1
388,41,Male,France,1,Adventure,5,6025.76,Business,In-person,1
389,69,Male,Greece,2,Nature,7,10886.05,Business,Phone,4
390,28,Female,Canada,1,City,4,2086.11,Economy,Phone,1
391,66,Male,Greece,1,Nature,10,4756.71,Economy,In-person,3
392,25,Male,Canada,3,City,4,7721.99,Business,Online,4
393,53,Male,Spain,2,Cultural,10,9909.16,Business,In-person,3
394,55,Female,Spain,1,Nature,14,4975.2,Economy,Phone,4
395,57,Female,Greece,2,Nature,7,13991.87,Business,Phone,3
396,37,Female,France,4,Historical,14,3642.79,Economy,Phone,2
397,79,Female,Greece,1,Nature,7,5702.77,Economy,In-person,3
398,52,Female,Spain,1,Cultural,10,11377.35,Business,In-person,1
399,65,Male,Spain,2,Cultural,5,11787.16,Economy,Phone,2
400,79,Female,Spain,1,Nature,7,11205.15,Business,Phone,4
401,42,Male,Italy,4,Historical,10,4487.17,Business,Phone,3
402,52,Male,Greece,2,Cultural,7,14996.39,Economy,Phone,4
403,42,Female,Italy,4,Adventure,10,4733.92,Economy,Online,2
404,46,Female,France,2,Historical,10,1545.87,Economy,Phone,1
405,35,Male,Italy,1,Adventure,10,6931.16,Business,In-person,1
406,63,Male,Spain,2,Nature,14,6872.36,Business,In-person,1
407,35,Male,France,4,Historical,10,3992.73,Economy,Phone,4
408,19,Female,USA,1,City,7,7455.52,Business,Online,1
409,71,Female,Greece,1,Cultural,10,13210.25,Business,In-person,1
410,52,Female,Greece,1,Cultural,5,8455.08,Economy,In-person,4
411,33,Female,France,4,Adventure,7,2215.95,Economy,Online,4
412,78,Female,Greece,2,Cultural,10,8261.08,Business,Phone,2
413,58,Male,Spain,1,Nature,7,11545.31,Business,In-person,1
414,53,Female,Greece,2,Cultural,7,13334.99,Economy,Phone,2
415,50,Male,Greece,2,Nature,7,10070.35,Business,In-person,3
416,21,Male,USA,3,City,4,5574.69,Business,Phone,3
417,50,Male,Spain,2,Cultural,10,14762.22,Business,Phone,3
418,31,Female,Italy,4,Adventure,10,2322.27,Economy,Online,3
419,38,Female,Italy,4,Adventure,10,6492.43,Business,Phone,4
420,65,Female,Greece,2,Cultural,10,9676.39,Business,In-person,2
421,37,Male,Italy,2,Adventure,10,8132.83,Business,In-person,2
422,73,Male,Spain,1,Cultural,5,8413.8,Economy,Phone,4
423,25,Male,Canada,2,Beach,7,839.84,Economy,Phone,3
424,24,Male,USA,2,Beach,10,897.91,Economy,Online,2
425,20,Male,Canada,4,Beach,10,1377.91,Economy,Online,1
426,34,Male,Italy,1,Historical,10,8351.34,Business,In-person,4
427,50,Female,Spain,2,Cultural,10,10693.99,Economy,Phone,4
428,65,Female,Greece,2,Cultural,5,11395.59,Economy,Phone,1
429,29,Female,Canada,3,City,7,2327.24,Economy,Phone,3
430,76,Female,Greece,2,Cultural,7,14172.1,Business,Phone,3
431,68,Male,Spain,2,Cultural,10,6825.77,Business,In-person,2
432,39,Male,Italy,2,Adventure,5,5879.64,Business,Online,1
433,72,Female,Greece,1,Cultural,5,12381.24,Economy,Phone,2
434,39,Male,France,4,Historical,7,9424.84,Business,Online,3
435,63,Female,Spain,1,Nature,7,14827.27,Business,Phone,2
436,47,Female,Italy,3,Historical,10,5052.34,Business,Phone,1
437,55,Female,Greece,1,Nature,10,7742.39,Business,Phone,1
438,55,Male,Greece,1,Cultural,10,7072.88,Economy,Phone,1
439,62,Female,Greece,2,Nature,7,14514.39,Business,In-person,3
440,68,Female,Greece,2,Cultural,10,9905.35,Business,In-person,4
441,71,Female,Spain,2,Nature,7,4888.57,Economy,In-person,4
442,25,Male,USA,2,City,7,1660.05,Economy,Phone,4
443,44,Male,Italy,4,Adventure,5,7828.81,Business,Phone,2
444,44,Female,France,3,Historical,14,8628.22,Business,Online,1
445,51,Male,Spain,2,Cultural,10,11627.37,Economy,In-person,3
446,38,Male,France,2,Adventure,5,9393.49,Business,In-person,4
447,47,Male,France,3,Adventure,7,4453.63,Economy,Online,4
448,50,Male,Greece,2,Cultural,7,7349.38,Economy,In-person,2
449,45,Male,Italy,1,Adventure,10,4312.69,Economy,Phone,2
450,64,Male,Spain,2,Nature,14,10294.02,Business,In-person,4
451,50,Male,Greece,1,Cultural,5,6038.48,Economy,In-person,1
452,22,Male,USA,2,City,3,4797.44,Business,Online,1
453,77,Male,Spain,1,Nature,14,9146.26,Business,In-person,2
454,78,Male,Greece,2,Cultural,5,8323.84,Business,Phone,2
455,65,Female,Greece,1,Cultural,5,8001.99,Economy,In-person,1
456,36,Female,France,3,Historical,10,8612.27,Business,Phone,2
457,21,Male,Canada,2,Beach,7,822.95,Economy,Phone,2
458,52,Female,Greece,1,Nature,7,5166.12,Economy,Phone,1
459,66,Female,Spain,1,Nature,14,9649.62,Business,Phone,1
460,34,Male,France,4,Adventure,10,7594.92,Business,In-person,3
461,61,Male,Spain,1,Nature,10,4339.27,Economy,Phone,2
462,45,Male,France,4,Adventure,7,10901.1,Business,Phone,2
463,47,Female,France,3,Adventure,5,6226.17,Business,In-person,3
464,46,Female,Italy,4,Historical,7,2879.66,Economy,Phone,2
465,63,Male,Greece,1,Nature,10,5315.25,Economy,In-person,2
466,70,Male,Spain,2,Nature,10,2812.62,Economy,Phone,4
467,23,Male,USA,1,City,4,6031.73,Business,Online,4
468,52,Female,Spain,1,Cultural,7,10468.15,Economy,In-person,4
469,77,Female,Greece,2,Nature,7,12602.51,Business,In-person,3
470,58,Female,Spain,1,Cultural,7,14739.93,Business,Phone,2
471,54,Female,Greece,2,Cultural,7,12213.73,Business,Phone,3
472,41,Male,France,3,Adventure,10,3783.39,Economy,Online,3
473,46,Male,Italy,4,Adventure,5,7531.34,Business,Online,2
474,66,Male,Greece,1,Cultural,5,11355.87,Economy,Phone,1
475,63,Male,Spain,2,Cultural,5,8480.0,Economy,Phone,1
476,70,Female,Greece,1,Nature,14,4307.56,Economy,In-person,2
477,48,Female,France,2,Historical,14,1631.94,Economy,Online,1
478,52,Male,Spain,1,Nature,14,10115.07,Business,In-person,4
479,77,Male,Greece,2,Cultural,10,12314.42,Business,In-person,2
480,50,Female,Spain,2,Nature,10,4082.92,Economy,Phone,3
481,69,Male,Spain,2,Cultural,10,9439.31,Economy,In-person,4
482,78,Female,Greece,1,Nature,10,5580.6,Economy,In-person,3
483,38,Male,France,2,Adventure,10,3292.81,Economy,Online,1
484,49,Male,France,3,Historical,14,3345.37,Economy,Phone,2
485,40,Male,France,2,Historical,7,3233.02,Economy,Online,4
486,50,Male,Spain,1,Nature,7,9433.46,Business,In-person,2
487,20,Male,Canada,2,City,7,2371.84,Economy,Phone,4
488,35,Male,France,3,Adventure,10,4450.7,Economy,Online,4
489,42,Male,Italy,3,Historical,14,5951.97,Business,In-person,4
490,59,Female,Spain,1,Cultural,7,9494.46,Business,In-person,2
491,48,Female,France,2,Historical,10,1825.41,Economy,In-person,4
492,71,Female,Greece,1,Nature,10,5866.7,Economy,In-person,4
493,75,Female,Greece,2,Cultural,7,10520.4,Business,In-person,2
494,20,Female,Canada,4,City,3,5131.6,Business,Phone,3
495,57,Male,Spain,2,Cultural,10,6750.82,Economy,Phone,1
496,63,Male,Spain,1,Nature,7,5106.82,Economy,Phone,2
497,41,Female,Italy,2,Historical,10,3228.7,Economy,Online,2
498,67,Male,Spain,2,Cultural,10,9058.25,Economy,In-person,4
499,49,Female,Italy,2,Historical,7,2413.3,Economy,Phone,2
500,64,Female,Spain,2,Nature,10,4019.94,Economy,In-person,2
501,39,Male,Italy,1,Adventure,5,9568.41,Business,Online,1
502,40,Male,Italy,2,Adventure,7,7139.65,Business,Online,2
503,19,Male,USA,1,City,7,6260.54,Business,Phone,4
504,44,Female,Italy,2,Historical,14,3000.89,Economy,In-person,1
505,59,Male,Greece,1,Nature,10,3149.01,Economy,In-person,2
506,19,Female,USA,3,Beach,5,1687.2,Economy,Online,4
507,43,Female,Italy,2,Adventure,10,11696.25,Business,Phone,1
508,34,Female,Italy,4,Adventure,7,10878.49,Business,Phone,2
509,57,Male,Greece,2,Cultural,10,8549.73,Business,In-person,4
510,50,Male,Spain,2,Nature,10,4338.06,Economy,In-person,1
511,26,Female,Canada,4,Beach,5,1515.32,Economy,Online,4
512,60,Male,Spain,1,Nature,10,11425.99,Business,Phone,1
513,71,Male,Greece,2,Cultural,7,6246.86,Business,In-person,2
514,65,Male,Greece,1,Cultural,10,7104.1,Business,Phone,3
515,56,Female,Spain,1,Cultural,7,11262.32,Economy,Phone,1
516,46,Female,Italy,1,Historical,10,7957.28,Business,Phone,2
517,59,Male,Greece,1,Nature,14,14158.5,Business,Phone,1
518,72,Female,Spain,2,Nature,7,7363.37,Business,In-person,3
519,43,Male,Italy,2,Historical,14,8564.02,Business,Phone,4
520,52,Male,Spain,2,Cultural,10,6388.83,Economy,In-person,3
521,67,Male,Spain,1,Cultural,7,10223.45,Business,In-person,3
522,42,Male,France,2,Historical,10,9646.87,Business,Online,4
523,41,Female,Italy,3,Adventure,10,4751.3,Economy,In-person,3
524,30,Female,France,3,Adventure,10,2327.04,Economy,Phone,2
525,77,Female,Greece,1,Nature,7,4890.65,Economy,In-person,1
526,75,Male,Greece,1,Cultural,5,9432.28,Business,In-person,3
527,24,Male,Canada,2,City,3,4667.09,Business,Online,1
528,74,Male,Spain,1,Nature,14,8066.51,Business,Phone,1
529,53,Female,Spain,2,Nature,7,8877.79,Business,Phone,4
530,62,Male,Spain,1,Cultural,5,12721.44,Economy,In-person,3
531,37,Female,France,2,Historical,10,5311.71,Business,In-person,4
532,18,Female,USA,2,City,3,7823.69,Business,Phone,4
533,25,Female,Canada,1,Beach,7,3847.51,Business,Phone,1
534,63,Female,Spain,1,Cultural,7,10631.39,Business,In-person,2
535,33,Female,France,4,Adventure,10,10567.68,Business,Phone,1
536,31,Female,Italy,2,Historical,7,3270.69,Economy,Phone,4
537,29,Male,Canada,4,Beach,5,1392.92,Economy,Online,3
538,68,Male,Spain,1,Cultural,10,13482.98,Economy,In-person,2
539,40,Female,Italy,1,Historical,10,6342.87,Business,Phone,2
540,32,Female,Italy,2,Adventure,10,5077.82,Business,In-person,3
541,45,Male,Italy,1,Historical,7,2388.57,Economy,Online,3
542,51,Female,Spain,1,Nature,14,5645.66,Economy,Phone,2
543,19,Female,USA,1,Beach,5,1680.72,Economy,Online,4
544,49,Male,France,1,Adventure,10,2627.55,Economy,Online,2
545,40,Female,Italy,1,Adventure,7,3970.62,Economy,Online,2
546,39,Female,France,4,Adventure,7,3532.34,Economy,Online,2
547,68,Female,Greece,1,Cultural,10,12608.46,Business,In-person,4
548,42,Male,France,1,Historical,10,6619.43,Business,In-person,3
549,75,Male,Greece,2,Cultural,5,12181.99,Business,In-person,3
550,79,Male,Greece,2,Nature,7,7731.17,Business,Phone,3
551,78,Female,Spain,1,Cultural,5,9803.24,Economy,In-person,4
552,39,Female,France,4,Adventure,10,3163.9,Economy,Online,4
553,75,Male,Greece,1,Nature,14,13854.46,Business,Phone,3
554,75,Female,Greece,1,Nature,10,3654.14,Economy,In-person,1
555,39,Female,Italy,1,Adventure,5,6418.31,Business,Phone,1
556,66,Female,Greece,2,Nature,10,3490.55,Economy,In-person,3
557,69,Female,Spain,1,Nature,14,4055.34,Economy,In-person,1
558,59,Female,Greece,1,Nature,14,10508.82,Business,Phone,1
559,23,Male,USA,3,City,4,1886.65,Economy,Phone,3
560,32,Female,Italy,4,Historical,14,1935.5,Economy,Phone,3
561,71,Male,Greece,2,Nature,7,14017.3,Business,Phone,4
562,60,Female,Spain,1,Cultural,5,12928.35,Business,Phone,1
563,77,Male,Greece,2,Nature,10,3639.26,Economy,In-person,1
564,54,Female,Spain,1,Cultural,5,14830.62,Business,Phone,3
565,50,Male,Spain,1,Nature,14,7614.51,Business,In-person,2
566,25,Female,Canada,3,Beach,10,833.27,Economy,Phone,3
567,70,Male,Greece,1,Nature,7,2729.12,Economy,In-person,4
568,77,Female,Greece,1,Cultural,7,12868.32,Business,Phone,2
569,61,Male,Spain,2,Cultural,7,10107.39,Economy,In-person,2
570,61,Female,Spain,1,Cultural,7,12628.21,Economy,Phone,2
571,22,Male,Canada,2,City,3,1735.14,Economy,Phone,4
572,56,Male,Greece,2,Cultural,5,8425.56,Business,In-person,1
573,21,Female,USA,2,Beach,10,1678.69,Economy,Online,3
574,23,Female,USA,1,City,3,5260.86,Business,Online,4
575,62,Male,Greece,2,Cultural,7,8666.64,Business,In-person,4
576,49,Female,France,2,Historical,14,3076.29,Economy,In-person,2
577,69,Male,Spain,2,Cultural,7,13381.99,Economy,In-person,2
578,47,Male,Italy,2,Historical,14,2959.24,Economy,Online,4
579,64,Male,Greece,1,Nature,7,3925.84,Economy,In-person,1
580,52,Female,Greece,1,Nature,7,14037.13,Business,Phone,2
581,72,Male,Greece,1,Cultural,7,7775.27,Economy,In-person,4
582,57,Male,Greece,1,Cultural,5,12632.12,Economy,In-person,2
583,69,Female,Spain,2,Cultural,7,12559.64,Economy,Phone,3
584,33,Female,France,4,Adventure,10,6357.13,Business,Phone,3
585,30,Female,France,3,Historical,7,3738.69,Economy,Online,3
586,67,Female,Greece,1,Cultural,10,10427.18,Business,In-person,2
587,77,Male,Greece,2,Nature,10,9780.31,Business,Phone,2
588,59,Male,Spain,2,Nature,10,3478.73,Economy,In-person,1
589,47,Male,Italy,2,Historical,14,3430.8,Economy,In-person,3
590,36,Male,France,3,Adventure,10,3623.15,Economy,Phone,1
591,34,Female,Italy,2,Historical,7,3668.21,Economy,Online,4
592,73,Male,Greece,2,Nature,10,14679.18,Business,In-person,4
593,36,Male,France,2,Historical,7,8678.11,Business,In-person,3
594,45,Female,Italy,4,Historical,7,7488.43,Business,Online,1
595,75,Male,Spain,1,Nature,10,5207.74,Economy,Phone,2
596,72,Male,Greece,1,Nature,14,11275.27,Business,Phone,1
597,43,Male,Italy,1,Adventure,5,3875.04,Economy,In-person,4
598,54,Male,Greece,1,Nature,7,5227.98,Economy,In-person,1
599,43,Male,France,1,Historical,10,2494.12,Economy,In-person,4
600,70,Male,Spain,2,Nature,10,3402.33,Economy,In-person,4
601,79,Female,Spain,2,Nature,14,6352.65,Business,Phone,1
602,40,Female,Italy,2,Historical,14,1719.4,Economy,In-person,2
603,26,Male,Canada,2,City,4,1556.25,Economy,Phone,4
604,29,Male,USA,1,Beach,10,4322.67,Business,Phone,1
605,70,Female,Greece,2,Nature,10,4158.59,Economy,In-person,4
606,18,Male,USA,1,Beach,7,3483.55,Business,Online,3
607,75,Male,Spain,2,Nature,14,6479.05,Business,In-person,2
608,75,Male,Greece,1,Cultural,5,12842.41,Economy,Phone,3
609,18,Female,USA,2,City,3,2197.59,Economy,Online,4
610,64,Male,Spain,2,Nature,7,13499.04,Business,Phone,2
611,51,Female,Spain,2,Nature,14,4412.1,Economy,In-person,1
612,49,Male,France,1,Historical,14,3616.92,Economy,Phone,1
613,79,Female,Greece,2,Nature,7,3844.98,Economy,Phone,2
614,71,Female,Spain,2,Cultural,7,9634.47,Business,In-person,3
615,65,Male,Greece,1,Nature,10,7795.36,Business,In-person,3
616,42,Female,France,3,Historical,7,3571.65,Economy,Phone,2
617,57,Male,Greece,1,Cultural,7,12344.28,Business,Phone,1
618,62,Female,Greece,2,Cultural,10,6228.26,Economy,In-person,2
619,70,Male,Spain,2,Cultural,10,6085.71,Business,In-person,3
620,18,Male,USA,3,City,3,1623.4,Economy,Phone,4
621,33,Female,France,3,Historical,14,8899.4,Business,In-person,1
622,78,Male,Greece,1,Nature,10,4054.06,Economy,Phone,2
623,56,Male,Greece,1,Nature,10,11974.17,Business,In-person,4
624,22,Female,Canada,4,City,7,1610.46,Economy,Phone,3
625,39,Male,France,4,Historical,10,1667.12,Economy,Online,1
626,46,Male,France,1,Adventure,7,4940.3,Economy,Phone,2
627,72,Female,Spain,2,Nature,7,6051.08,Business,In-person,3
628,20,Female,USA,2,City,3,7339.14,Business,Phone,2
629,29,Male,Canada,3,Beach,7,4498.61,Business,Online,2
630,43,Male,Italy,3,Adventure,5,5344.83,Business,Online,1
631,33,Female,France,4,Historical,7,2993.23,Economy,In-person,3
632,68,Female,Spain,2,Cultural,7,14644.96,Business,In-person,3
633,54,Male,Greece,2,Nature,14,13966.73,Business,In-person,4
634,39,Female,France,2,Historical,10,8316.13,Business,Phone,3
635,74,Male,Greece,1,Cultural,5,8393.82,Business,Phone,3
636,46,Male,Italy,1,Historical,10,9840.42,Business,Online,1
637,31,Male,France,1,Historical,7,1565.6,Economy,Phone,4
638,45,Male,France,3,Adventure,7,9371.9,Business,Phone,1
639,22,Male,Canada,2,Beach,7,1993.82,Economy,Online,3
640,64,Female,Spain,2,Cultural,10,12048.34,Economy,Phone,4
641,66,Female,Spain,2,Cultural,5,10261.72,Business,In-person,1
642,47,Female,Italy,2,Adventure,7,6211.43,Business,Online,4
643,63,Female,Greece,2,Nature,10,5588.73,Economy,In-person,3
644,79,Male,Spain,1,Nature,7,12100.66,Business,Phone,4
645,69,Male,Spain,2,Nature,10,7520.94,Business,In-person,4
646,22,Male,Canada,2,City,3,3693.01,Business,Online,4
647,29,Male,USA,3,Beach,5,1902.72,Economy,Phone,3
648,33,Female,France,2,Historical,10,4698.45,Business,Phone,3
649,43,Male,France,2,Adventure,7,3584.21,Economy,Phone,4
650,43,Male,France,2,Historical,14,1897.13,Economy,In-person,1
651,65,Female,Spain,2,Cultural,10,7380.54,Economy,In-person,1
652,38,Female,Italy,3,Adventure,10,4260.16,Economy,Online,3
653,56,Female,Greece,1,Nature,14,11914.59,Business,Phone,2
654,53,Female,Greece,2,Nature,14,9770.58,Business,In-person,1
655,50,Male,Greece,1,Cultural,7,10275.34,Business,Phone,4
656,79,Male,Greece,1,Nature,14,14018.19,Business,Phone,2
657,47,Female,France,1,Adventure,10,2695.04,Economy,In-person,3
658,54,Male,Spain,1,Nature,14,10473.01,Business,Phone,1
659,40,Male,France,2,Adventure,7,11047.2,Business,In-person,2
660,75,Male,Greece,1,Cultural,5,6066.04,Economy,In-person,3
661,27,Female,USA,4,Beach,10,4973.8,Business,Online,3
662,71,Male,Spain,1,Cultural,5,14605.66,Business,In-person,4
663,22,Female,Canada,2,City,4,4435.72,Business,Phone,1
664,53,Male,Greece,2,Cultural,10,14704.05,Business,In-person,2
665,51,Male,Greece,1,Cultural,5,6321.38,Business,Phone,4
666,69,Male,Greece,2,Nature,10,3306.87,Economy,In-person,1
667,48,Female,Italy,4,Historical,14,5675.99,Business,Phone,2
668,27,Male,USA,4,City,4,1027.87,Economy,Phone,3
669,75,Female,Spain,1,Cultural,7,9428.55,Economy,In-person,3
670,36,Female,Italy,1,Adventure,5,4933.7,Economy,Online,1
671,75,Female,Spain,2,Nature,10,11112.42,Business,In-person,4
672,49,Male,France,4,Adventure,10,3793.46,Economy,In-person,2
673,18,Male,USA,4,Beach,10,2274.66,Business,Phone,2
674,73,Male,Greece,2,Cultural,10,11923.57,Business,In-person,3
675,22,Male,Canada,3,Beach,5,1962.94,Economy,Online,1
676,62,Female,Greece,2,Cultural,5,14932.19,Economy,In-person,4
677,21,Female,Canada,1,City,7,1615.31,Economy,Online,3
678,33,Female,Italy,4,Adventure,10,2171.97,Economy,Phone,3
679,41,Male,Italy,2,Historical,14,2242.43,Economy,In-person,4
680,33,Female,France,2,Historical,10,8576.03,Business,In-person,2
681,72,Male,Greece,1,Cultural,7,6335.31,Economy,In-person,2
682,19,Female,USA,4,City,4,7225.56,Business,Online,1
683,66,Male,Spain,1,Nature,14,4262.68,Economy,In-person,3
684,45,Male,Italy,1,Historical,14,8486.99,Business,Online,1
685,49,Female,France,2,Adventure,10,6000.98,Business,Online,2
686,44,Female,France,2,Adventure,10,4330.74,Economy,Online,4
687,37,Female,Italy,1,Adventure,7,9535.75,Business,In-person,2
688,41,Female,France,3,Adventure,10,10671.74,Business,Phone,2
689,29,Male,USA,3,City,4,6133.58,Business,Phone,3
690,67,Female,Spain,1,Cultural,5,8275.67,Economy,Phone,2
691,52,Female,Spain,2,Nature,14,7138.83,Business,In-person,1
692,77,Female,Greece,1,Nature,14,11928.35,Business,Phone,4
693,50,Male,Spain,2,Cultural,7,8035.01,Economy,In-person,3
694,50,Male,Spain,1,Nature,10,6170.54,Business,In-person,4
695,78,Female,Greece,1,Nature,10,9765.78,Business,Phone,1
696,68,Male,Spain,1,Cultural,10,8793.9,Economy,In-person,1
697,60,Female,Greece,2,Nature,14,8867.44,Business,In-person,2
698,54,Male,Greece,1,Cultural,7,10007.43,Business,Phone,1
699,29,Male,Canada,3,City,4,1829.74,Economy,Online,2
700,20,Male,Canada,3,City,7,5758.23,Business,Phone,3
701,18,Male,Canada,2,Beach,10,1681.39,Economy,Online,4
702,50,Female,Spain,1,Cultural,7,10659.45,Economy,Phone,2
703,57,Female,Greece,1,Cultural,5,10253.13,Business,In-person,2
704,27,Female,USA,1,Beach,10,2232.43,Business,Phone,3
705,60,Male,Spain,1,Cultural,7,12798.43,Business,Phone,1
706,61,Female,Spain,1,Nature,10,7266.98,Business,In-person,2
707,46,Female,France,1,Adventure,10,10661.61,Business,Phone,1
708,30,Female,France,1,Historical,10,2624.34,Economy,In-person,2
709,29,Male,USA,2,Beach,10,1530.64,Economy,Online,1
710,48,Male,France,4,Historical,10,2861.94,Economy,Online,2
711,63,Male,Spain,1,Nature,10,3187.9,Economy,Phone,4
712,19,Female,USA,4,City,4,1740.37,Economy,Online,4
713,78,Female,Greece,2,Nature,7,8356.35,Business,Phone,4
714,68,Female,Greece,2,Nature,10,13304.72,Business,In-person,2
715,67,Male,Spain,1,Nature,14,10664.52,Business,Phone,1
716,52,Male,Greece,1,Cultural,10,10077.31,Economy,In-person,3
717,40,Female,France,3,Historical,10,3774.09,Economy,Phone,3
718,34,Male,Italy,4,Historical,7,5777.98,Business,In-person,3
719,43,Male,Italy,4,Historical,7,1613.65,Economy,Phone,4
720,25,Male,Canada,4,Beach,5,1376.21,Economy,Phone,4
721,46,Male,Italy,1,Historical,7,4935.61,Business,In-person,4
722,43,Female,France,2,Historical,10,6777.07,Business,In-person,1
723,27,Male,USA,3,City,7,1655.54,Economy,Phone,4
724,43,Male,Italy,1,Historical,14,8432.39,Business,Phone,1
725,79,Male,Greece,1,Nature,10,11823.43,Business,Phone,1
726,51,Male,Spain,1,Nature,10,4782.83,Economy,Phone,1
727,68,Female,Spain,2,Cultural,5,11565.56,Economy,In-person,2
728,58,Female,Spain,1,Nature,10,4660.28,Economy,In-person,3
729,24,Male,USA,3,City,7,1566.44,Economy,Online,1
730,21,Male,USA,4,City,7,1620.31,Economy,Online,3
731,75,Male,Spain,1,Nature,14,5641.11,Economy,In-person,1
732,70,Male,Spain,2,Cultural,7,10205.96,Economy,In-person,1
733,67,Male,Greece,2,Nature,14,3721.18,Economy,Phone,4
734,62,Male,Spain,1,Cultural,10,10491.37,Economy,Phone,3
735,28,Female,Canada,1,Beach,10,4699.54,Business,Phone,1
736,46,Male,France,2,Adventure,10,2189.53,Economy,Phone,3
737,73,Female,Spain,1,Nature,7,5296.2,Economy,Phone,4
738,53,Female,Spain,2,Nature,10,5906.04,Economy,In-person,1
739,42,Male,Italy,4,Adventure,10,3760.31,Economy,Phone,4
740,38,Female,Italy,2,Adventure,10,4521.47,Economy,Online,1
741,78,Female,Greece,1,Cultural,5,10875.38,Economy,Phone,4
742,74,Female,Greece,1,Nature,14,9141.84,Business,In-person,4
743,53,Female,Greece,1,Cultural,10,8180.53,Business,In-person,2
744,27,Female,Canada,2,Beach,7,941.32,Economy,Phone,1
745,54,Female,Greece,1,Cultural,10,9394.13,Economy,Phone,1
746,26,Male,Canada,1,City,3,1318.07,Economy,Online,1
747,41,Female,Italy,4,Adventure,10,2130.67,Economy,Online,3
748,52,Female,Spain,1,Cultural,5,12849.02,Business,In-person,2
749,66,Female,Spain,2,Cultural,10,9377.78,Economy,Phone,3
750,52,Male,Spain,2,Cultural,5,11111.08,Business,In-person,1
751,65,Female,Greece,1,Cultural,10,10046.92,Business,In-person,2
752,53,Male,Greece,2,Nature,7,3761.46,Economy,Phone,4
753,35,Female,France,2,Historical,14,9051.76,Business,In-person,2
754,66,Male,Greece,2,Nature,7,5392.9,Economy,In-person,4
755,56,Male,Greece,1,Cultural,10,6825.64,Business,Phone,1
756,49,Female,Italy,2,Adventure,10,4578.07,Economy,In-person,1
757,41,Female,Italy,2,Historical,7,3436.79,Economy,In-person,4
758,40,Male,Italy,3,Adventure,7,4626.85,Economy,Phone,2
759,79,Female,Greece,2,Nature,14,3719.36,Economy,Phone,3
760,49,Male,Italy,3,Historical,14,2391.83,Economy,Phone,2
761,54,Male,Spain,1,Nature,10,5640.98,Economy,In-person,4
762,29,Male,Canada,2,City,3,6081.48,Business,Phone,4
763,66,Male,Greece,2,Nature,10,4728.36,Economy,In-person,3
764,72,Male,Greece,1,Nature,14,7427.09,Business,In-person,3
765,30,Female,France,3,Adventure,10,2710.81,Economy,In-person,3
766,40,Male,Italy,3,Historical,14,6997.01,Business,In-person,4
767,42,Male,France,2,Historical,7,2807.65,Economy,Online,1
768,52,Female,Greece,1,Nature,14,9152.73,Business,In-person,2
769,58,Male,Spain,2,Nature,7,9806.51,Business,In-person,3
770,47,Female,Italy,2,Historical,7,2386.76,Economy,Online,4
771,34,Female,Italy,1,Adventure,10,9176.93,Business,In-person,2
772,66,Female,Greece,1,Cultural,5,12471.15,Business,In-person,3
773,79,Male,Spain,2,Cultural,7,6363.5,Economy,In-person,1
774,37,Male,Italy,4,Historical,7,3323.55,Economy,Phone,2
775,65,Male,Spain,2,Nature,7,7095.05,Business,In-person,2
776,42,Female,France,1,Adventure,5,8122.9,Business,Online,4
777,39,Male,Italy,4,Adventure,10,3357.28,Economy,In-person,4
778,30,Female,Italy,3,Historical,14,3267.62,Economy,Phone,4
779,76,Male,Spain,1,Nature,7,8779.58,Business,In-person,1
780,36,Female,France,3,Adventure,5,6760.26,Business,Online,2
781,66,Male,Greece,2,Cultural,10,11857.25,Business,Phone,3
782,53,Male,Spain,2,Nature,7,6819.36,Business,In-person,1
783,29,Male,USA,3,City,4,4576.0,Business,Phone,3
784,78,Female,Spain,1,Nature,14,7325.29,Business,Phone,3
785,58,Female,Greece,2,Cultural,10,8270.44,Business,Phone,4
786,36,Male,France,4,Historical,10,1579.09,Economy,Online,3
787,29,Male,Canada,4,Beach,5,4670.3,Business,Phone,3
788,26,Female,Canada,2,Beach,10,1182.28,Economy,Online,1
789,24,Female,USA,2,Beach,10,1726.89,Economy,Phone,4
790,45,Female,Italy,2,Adventure,5,2924.08,Economy,Phone,3
791,31,Male,France,3,Adventure,5,3158.61,Economy,Phone,3
792,48,Female,France,3,Historical,14,2663.35,Economy,In-person,3
793,69,Male,Greece,2,Nature,14,9857.88,Business,In-person,2
794,36,Female,France,4,Historical,7,1902.71,Economy,Online,2
795,75,Male,Greece,2,Cultural,10,14617.85,Economy,In-person,4
796,64,Female,Spain,1,Nature,7,5982.13,Economy,Phone,1
797,33,Female,France,3,Adventure,5,2437.12,Economy,Phone,4
798,70,Female,Greece,2,Nature,14,4574.55,Economy,In-person,2
799,22,Female,Canada,1,Beach,7,4446.63,Business,Phone,4
800,52,Female,Greece,1,Cultural,10,11232.66,Business,Phone,1
801,29,Male,USA,1,City,3,2493.62,Economy,Phone,4
802,42,Female,Italy,3,Adventure,10,3520.29,Economy,Phone,3
803,69,Female,Spain,2,Nature,10,6335.42,Business,Phone,1
804,76,Female,Greece,2,Nature,10,13256.05,Business,In-person,1
805,38,Male,Italy,4,Adventure,7,4839.42,Economy,Phone,1
806,53,Female,Greece,1,Cultural,7,11911.46,Business,Phone,4
807,70,Male,Greece,2,Cultural,5,6708.93,Business,Phone,4
808,40,Female,Italy,1,Adventure,5,8328.19,Business,In-person,3
809,33,Female,France,3,Historical,14,3861.17,Economy,Online,1
810,74,Male,Spain,2,Cultural,7,8523.64,Business,Phone,3
811,56,Female,Greece,1,Nature,14,4230.76,Economy,Phone,1
812,62,Male,Spain,2,Nature,7,4939.3,Economy,In-person,2
813,70,Male,Greece,1,Cultural,7,6446.71,Economy,In-person,4
814,59,Female,Greece,1,Cultural,5,13299.72,Economy,Phone,3
815,75,Male,Spain,2,Nature,10,6587.45,Business,Phone,4
816,56,Female,Spain,2,Nature,10,7141.15,Business,In-person,4
817,31,Female,Italy,4,Historical,7,9082.43,Business,Online,2
818,48,Male,France,2,Adventure,5,11947.77,Business,Phone,2
819,75,Male,Spain,2,Cultural,7,7621.68,Business,In-person,1
820,22,Male,USA,3,City,3,7405.47,Business,Online,2
821,52,Male,Spain,2,Nature,14,14918.39,Business,In-person,1
822,40,Female,France,1,Adventure,7,3382.67,Economy,Phone,2
823,46,Female,Italy,1,Historical,10,7946.78,Business,Online,2
824,60,Male,Spain,1,Nature,14,13011.82,Business,Phone,3
825,28,Female,Canada,2,Beach,7,4718.41,Business,Phone,2
826,35,Female,France,1,Adventure,5,2928.87,Economy,Phone,3
827,64,Female,Spain,2,Cultural,5,9903.86,Business,In-person,2
828,29,Female,Canada,2,City,4,6802.28,Business,Online,3
829,26,Male,Canada,4,Beach,10,1658.34,Economy,Online,4
830,27,Male,Canada,3,City,4,2486.09,Economy,Phone,1
831,75,Female,Greece,1,Nature,7,4371.9,Economy,Phone,2
832,61,Male,Spain,1,Nature,14,5802.63,Economy,Phone,3
833,34,Male,France,3,Historical,14,8914.34,Business,Online,2
834,78,Male,Greece,1,Nature,10,4299.97,Economy,Phone,3
835,55,Female,Spain,2,Nature,7,5182.59,Economy,In-person,3
836,24,Female,Canada,1,Beach,5,4327.69,Business,Phone,2
837,63,Female,Greece,2,Cultural,5,14148.73,Economy,In-person,1
838,30,Male,Italy,2,Historical,10,6480.05,Business,Online,3
839,57,Female,Greece,2,Cultural,7,6665.42,Business,Phone,4
840,59,Female,Greece,2,Nature,7,3372.47,Economy,Phone,2
841,26,Male,Canada,2,Beach,10,2172.17,Business,Phone,4
842,67,Female,Spain,2,Nature,7,9754.23,Business,In-person,3
843,44,Female,France,3,Adventure,10,8872.66,Business,Online,3
844,75,Male,Spain,2,Cultural,7,7888.43,Business,In-person,2
845,19,Male,USA,1,Beach,7,1995.87,Economy,Online,1
846,22,Male,Canada,4,City,3,5577.11,Business,Phone,4
847,46,Female,France,4,Adventure,5,4916.64,Economy,In-person,1
848,54,Female,Greece,2,Cultural,10,8936.48,Business,Phone,4
849,55,Female,Greece,1,Nature,7,5479.38,Economy,In-person,1
850,36,Male,France,3,Historical,14,6702.8,Business,Phone,2
851,25,Male,USA,3,City,7,5234.21,Business,Online,4
852,65,Female,Spain,1,Nature,10,8155.47,Business,In-person,2
853,62,Female,Spain,2,Cultural,7,6002.21,Economy,Phone,1
854,18,Male,Canada,3,Beach,10,1750.66,Economy,Online,1
855,39,Male,France,1,Adventure,10,2897.59,Economy,Phone,1
856,69,Male,Greece,2,Cultural,5,12278.44,Business,Phone,2
857,34,Male,Italy,1,Adventure,10,3267.69,Economy,Phone,3
858,24,Female,USA,4,Beach,7,2279.9,Business,Phone,3
859,42,Male,France,2,Historical,10,4765.41,Business,In-person,4
860,62,Female,Spain,2,Cultural,7,9507.01,Business,In-person,2
861,21,Female,USA,2,City,4,1123.57,Economy,Online,2
862,53,Female,Spain,2,Nature,10,11288.65,Business,Phone,2
863,23,Male,Canada,4,City,7,1651.0,Economy,Phone,1
864,77,Male,Greece,1,Cultural,5,6439.83,Economy,In-person,2
865,48,Male,France,4,Historical,7,7908.58,Business,In-person,3
866,36,Male,France,2,Historical,7,3205.31,Economy,In-person,4
867,78,Female,Spain,2,Cultural,5,11421.3,Economy,In-person,3
868,61,Male,Greece,2,Nature,14,11850.3,Business,In-person,2
869,71,Male,Greece,1,Cultural,5,11682.38,Economy,Phone,4
870,56,Female,Greece,2,Cultural,10,7173.63,Economy,Phone,4
871,44,Male,France,1,Adventure,10,6380.35,Business,Online,2
872,27,Female,Canada,1,Beach,7,3889.43,Business,Phone,2
873,43,Female,Italy,2,Adventure,10,7359.12,Business,Online,3
874,36,Female,France,2,Adventure,10,10397.31,Business,Phone,3
875,56,Female,Spain,1,Cultural,5,11988.48,Economy,Phone,1
876,79,Female,Greece,1,Nature,10,3535.98,Economy,Phone,1
877,20,Female,Canada,4,Beach,5,4202.93,Business,Phone,1
878,62,Female,Greece,1,Nature,14,2935.99,Economy,Phone,2
879,30,Female,Italy,1,Adventure,5,3127.96,Economy,Phone,2
880,67,Male,Spain,2,Nature,14,5953.91,Economy,In-person,1
881,45,Male,France,3,Historical,10,4747.33,Business,Phone,1
882,79,Male,Greece,2,Cultural,10,9839.43,Business,In-person,3
883,75,Male,Greece,2,Cultural,10,11668.6,Economy,Phone,1
884,37,Female,France,2,Historical,7,8561.63,Business,Online,1
885,45,Male,Italy,1,Adventure,10,3164.15,Economy,In-person,4
886,25,Female,Canada,3,City,4,7070.89,Business,Phone,1
887,78,Male,Spain,1,Cultural,5,13004.17,Economy,In-person,4
888,58,Male,Greece,2,Cultural,10,9152.31,Economy,In-person,1
889,56,Male,Spain,1,Cultural,5,8048.51,Economy,Phone,4
890,18,Female,USA,1,Beach,7,3068.68,Business,Online,1
891,20,Male,Canada,3,Beach,10,3473.12,Business,Phone,3
892,30,Female,France,1,Historical,14,9553.66,Business,Phone,2
893,45,Female,France,1,Historical,14,2614.37,Economy,In-person,4
894,79,Male,Greece,2,Nature,10,8982.94,Business,In-person,2
895,74,Male,Greece,1,Nature,10,11268.53,Business,Phone,3
896,77,Male,Spain,1,Cultural,5,9040.57,Economy,Phone,1
897,66,Female,Greece,1,Cultural,7,9536.56,Economy,Phone,1
898,42,Male,France,2,Adventure,7,3725.14,Economy,Online,3
899,73,Female,Greece,1,Cultural,5,13960.78,Business,In-person,2
900,50,Female,Spain,1,Nature,14,4720.73,Economy,In-person,2
901,55,Male,Greece,1,Cultural,7,13783.48,Economy,In-person,2
902,70,Male,Greece,1,Cultural,10,11127.56,Economy,In-person,2
903,23,Female,Canada,1,City,3,1544.24,Economy,Phone,4
904,75,Female,Greece,2,Nature,10,11014.56,Business,Phone,2
905,61,Female,Greece,2,Nature,7,13070.29,Business,Phone,4
906,62,Male,Spain,2,Cultural,10,10959.0,Business,In-person,3
907,49,Female,Italy,3,Adventure,5,3659.79,Economy,Online,1
908,62,Male,Spain,1,Nature,10,5994.35,Economy,Phone,4
909,78,Female,Spain,1,Nature,7,4415.89,Economy,In-person,2
910,64,Female,Spain,2,Nature,14,13382.71,Business,In-person,1
911,38,Male,France,1,Historical,10,3515.88,Economy,In-person,4
912,33,Female,France,3,Historical,10,2651.76,Economy,In-person,1
913,71,Male,Greece,2,Nature,10,8661.77,Business,Phone,3
914,38,Male,France,4,Adventure,10,5159.75,Business,In-person,2
915,28,Female,USA,1,Beach,5,1738.39,Economy,Online,3
916,77,Male,Spain,2,Nature,14,9468.44,Business,In-person,1
917,54,Male,Greece,2,Nature,14,3982.52,Economy,In-person,3
918,53,Female,Greece,2,Nature,14,8382.86,Business,In-person,2
919,52,Male,Greece,2,Cultural,5,12357.49,Economy,Phone,4
920,36,Male,France,3,Historical,14,3290.97,Economy,In-person,3
921,37,Male,Italy,3,Historical,14,4398.65,Business,Online,2
922,74,Female,Greece,2,Cultural,10,11093.07,Business,In-person,1
923,35,Male,France,3,Historical,7,9634.42,Business,In-person,3
924,64,Female,Spain,2,Cultural,5,6767.24,Business,Phone,4
925,58,Female,Spain,1,Nature,14,12345.76,Business,Phone,3
926,66,Male,Greece,1,Cultural,5,12620.47,Economy,In-person,1
927,31,Male,Italy,4,Adventure,7,3228.68,Economy,Phone,1
928,32,Male,France,4,Historical,7,3366.87,Economy,Online,1
929,48,Female,Italy,3,Historical,7,6448.06,Business,Phone,3
930,18,Male,USA,2,City,3,7076.68,Business,Online,3
931,70,Male,Spain,2,Cultural,10,8247.45,Economy,Phone,3
932,71,Male,Greece,2,Nature,10,5939.16,Economy,In-person,4
933,71,Male,Greece,2,Nature,10,13177.84,Business,In-person,2
934,20,Male,USA,4,Beach,7,1273.09,Economy,Online,3
935,33,Female,France,3,Historical,14,1500.12,Economy,In-person,4
936,40,Female,France,3,Adventure,7,5267.41,Business,Phone,1
937,74,Male,Greece,1,Cultural,7,6693.74,Business,In-person,3
938,28,Male,Canada,2,Beach,5,1313.76,Economy,Phone,3
939,29,Male,USA,4,Beach,10,3501.62,Business,Online,3
940,27,Male,USA,4,City,3,7876.66,Business,Online,4
941,49,Female,Italy,2,Historical,14,3641.91,Economy,Phone,3
942,33,Male,Italy,1,Adventure,5,3425.57,Economy,Online,3
943,25,Female,USA,2,City,3,1908.66,Economy,Phone,2
944,55,Female,Greece,1,Cultural,7,8097.04,Business,In-person,4
945,29,Male,USA,1,Beach,7,4705.01,Business,Phone,2
946,41,Female,France,1,Historical,10,5289.29,Business,Phone,2
947,45,Female,France,4,Adventure,10,2558.29,Economy,Phone,2
948,70,Female,Spain,2,Nature,7,10074.8,Business,Phone,2
949,25,Female,USA,2,City,7,4668.87,Business,Phone,1
950,75,Male,Greece,2,Nature,10,5423.37,Economy,Phone,3
951,45,Male,Italy,4,Historical,14,2571.48,Economy,Online,2
952,53,Female,Spain,2,Nature,10,7178.84,Business,Phone,4
953,43,Male,France,2,Adventure,7,11200.48,Business,Phone,3
954,25,Male,Canada,1,Beach,10,1446.91,Economy,Online,2
955,75,Male,Spain,1,Cultural,5,7926.79,Business,Phone,2
956,77,Male,Spain,1,Cultural,10,14400.96,Economy,Phone,4
957,67,Male,Greece,1,Nature,10,5093.97,Economy,In-person,1
958,45,Female,France,2,Historical,10,3792.63,Economy,In-person,4
959,45,Male,France,2,Historical,7,3208.31,Economy,In-person,1
960,54,Male,Spain,1,Nature,7,12860.84,Business,In-person,1
961,58,Male,Spain,1,Cultural,10,7876.55,Economy,Phone,1
962,53,Male,Greece,2,Nature,7,11324.08,Business,Phone,2
963,44,Female,France,1,Adventure,5,5450.11,Business,Phone,2
964,71,Female,Greece,1,Cultural,7,11885.75,Economy,In-person,1
965,34,Female,Italy,1,Adventure,5,5878.26,Business,Online,1
966,26,Female,Canada,4,Beach,5,1447.43,Economy,Online,2
967,50,Male,Spain,2,Cultural,5,14683.25,Business,In-person,1
968,70,Female,Greece,1,Cultural,10,9118.49,Business,In-person,2
969,37,Male,France,1,Adventure,10,8438.64,Business,Phone,1
970,30,Male,Italy,2,Historical,7,1977.77,Economy,Online,2
971,45,Male,France,2,Historical,7,2551.37,Economy,In-person,4
972,65,Male,Spain,1,Cultural,10,6437.9,Business,Phone,1
973,46,Male,Italy,3,Adventure,7,3965.18,Economy,Online,1
974,30,Female,France,4,Historical,14,2229.94,Economy,Phone,4
975,63,Female,Greece,1,Cultural,10,13611.36,Business,Phone,3
976,52,Female,Greece,1,Nature,7,11819.33,Business,Phone,1
977,78,Female,Greece,1,Nature,14,3358.13,Economy,Phone,3
978,23,Male,USA,2,City,4,1354.97,Economy,Phone,4
979,35,Female,Italy,3,Historical,10,3256.24,Economy,Online,1
980,68,Male,Greece,2,Nature,7,5452.48,Economy,Phone,3
981,22,Female,Canada,3,City,3,2138.99,Economy,Online,1
982,64,Male,Greece,1,Nature,7,13721.28,Business,In-person,1
983,42,Male,France,3,Historical,14,2370.1,Economy,In-person,2
984,19,Female,Canada,3,City,3,5276.5,Business,Online,3
985,27,Male,Canada,1,Beach,7,1546.23,Economy,Phone,2
986,73,Male,Spain,2,Nature,7,5832.08,Economy,Phone,2
987,47,Female,France,4,Historical,10,9184.42,Business,Phone,3
988,67,Male,Spain,1,Nature,10,8268.53,Business,In-person,3
989,76,Female,Spain,1,Cultural,5,6908.67,Business,In-person,2
990,62,Female,Greece,1,Nature,7,2712.0,Economy,Phone,1
991,22,Female,Canada,2,City,7,1276.77,Economy,Online,1
992,72,Male,Greece,2,Nature,14,4219.42,Economy,In-person,4
993,73,Male,Spain,2,Cultural,10,8751.71,Economy,Phone,1
994,50,Male,Spain,1,Cultural,10,10574.0,Business,Phone,3
995,71,Female,Greece,1,Cultural,5,7190.66,Economy,In-person,3
996,18,Male,Canada,2,City,4,2441.81,Economy,Online,4
997,35,Female,France,4,Adventure,10,6713.55,Business,In-person,3
998,49,Female,Italy,4,Adventure,7,7365.0,Business,In-person,2
999,64,Male,Spain,1,Cultural,5,12149.06,Economy,In-person,4
1000,66,Female,Spain,2,Cultural,5,7662.24,Business,In-person,4
